,5_11_1_.6,5_11_1_.3,5_11_1_.2,5_11_1_.1,5_11_1_1,5_11_1_2,5_11_1_3,5_11_1_4,5_11_1_5,5_11_1_6,5_11_1_7,5_11_1_8,5_12_2_.6,5_12_2_.3,5_12_2_.2,5_12_2_.1,5_12_2_1,5_12_2_2,5_12_2_3,5_12_2_4,5_12_2_5,5_12_2_6,5_12_2_7,5_12_2_8,5_13_5_.6,5_13_5_.3,5_13_5_.2,5_13_5_.1,5_13_5_1,5_13_5_2,5_13_5_3,5_13_5_4,5_13_5_5,5_13_5_6,5_13_5_7,5_13_5_8,5_14_1_.6,5_14_1_.3,5_14_1_.2,5_14_1_.1,5_14_1_1,5_14_1_2,5_14_1_3,5_14_1_4,5_14_1_5,5_14_1_6,5_14_1_7,5_14_1_8,5_14_5_.6,5_14_5_.3,5_14_5_.2,5_14_5_.1,5_14_5_1,5_14_5_2,5_14_5_3,5_14_5_4,5_14_5_5,5_14_5_6,5_14_5_7,5_14_5_8,3__13_.1,3__13_.2,3__13_0,3__13_10,3__13_11,3__13_12,3__15_.1,3__15_.2,3__15_0,3__15_10,3__15_11,3__15_12,3__16_.1,3__16_.2,3__16_0,3__16_10,3__16_11,3__16_12,3__28_.1,3__28_.2,3__28_0,3__28_10,3__28_11,3__28_12
00cd2f68603124759047487807589f27,0.000624844,0,0,0,0,0,0,0,0,0,0,0,0.001918716,0.01042174,0.006789756,0.007864819,0.000186625,0,0,0,0,0,0,0,0.001173217,0,0.00036972,0,0,0,0,0,0,0,0,0,0,0,0,0,0,0,0,0,0,0,0,0,0,0,0,0,0,0,0,0,0,0,0,0,0.008171805,0.001751484,0.010105493,0,0,0,0.001550989,0.001618702,0.00029123,0,0,0,0.000692612,0.002758397,0.002675776,0,0,0,0.003932898,0.007525683,0.005432076,0,0,0
020f48a69f9bf40e54fbac885f94695a,0,0,0,0,0,0,0,0,0,0,0,0,0,0,0,0,0,0,0,0,0,0,0,0,0,0,0,0,0,0,0,0,0,0,0,0,0,0,0,0,0,0,0,0,0,0,0,0,0,0,0,0,0,0,0,0,0,0,0,0,0.049544037,0.015228179,0.169949814,0.001535018,0.000508798,0,0.203761148,0.073233485,0.610459311,0,0.000414559,0,0.138225594,0.074729118,0.118189582,0,0,0.000901618,0,0.000637095,0.000995881,0,0,0
03a1f9f63e2fa6c7bdf27d33eba2b09d,0,0,0,0,0,0,0,0,0,0,0,0,0,0,0,0,0,0,0,0,0,0,0,0,0,0,0,0,0,0,0,0,0,0,0,0,0,0,0,0,0,0,0,0,0,0,0,0,0,0,0,0,0,0,0,0,0,0,0,0,0.002605503,0.001678505,0,0,0,0,0.003392788,0.007991276,0,0,0,0,0.006200528,0.019579209,0.004582978,0,0,0,0.004564104,0.012104802,0.003032909,0,0,0
03d1db1ccc574034f8242e94d57eca3b,0,0,0,0,0,0,0,0,0,0,0,0,0,0,0,0.001245912,0.003608087,0,0.000266283,0.004051864,0,0,0,0,0.002011229,0,0,0,0,0.0003861,0,0,0,0,0,0,0.010399301,0,0,0,0.000938086,0,0.000670316,0.000827815,0.001184308,0,0,0,0.016066933,0.001646195,0.004305926,0.002564388,0.002506907,0.001491672,0,0,0,0,0,0,0.003947732,0.000583828,0.001570448,0,0,0,0.008498126,0.011876161,0,0,0,0,0.005639842,0.001243983,0.005977797,0,0,0,0.006797601,0.007446046,0.005228374,0,0,0
04551d3323a786ff624839f426ede82d,0,0,0,0,0,0,0,0,0,0,0,0,0,0,0,0,0,0,0,0,0,0,0,0,0,0,0,0,0,0,0,0,0,0,0,0,0,0,0,0,0,0,0,0,0,0,0,0,0,0,0,0,0,0,0,0,0,0,0,0,0.001302752,0.001362265,0.004301663,0,0,0,0.002843479,0.001363117,0.002038609,0,0,0,0.000791557,0.001676673,0.000853971,0,0,0,0.006991819,0.000796369,0.005930017,0,0,0
0570b4a067b34904d37cb5ddc848b221,0,0.000312728,0,0,0,0.000481734,0.002009456,0,0,0,0,0,0,0,0.000952948,0.000700825,0.000622084,0,0.000905363,0.006158833,0,0,0,0,0,0,0.00101673,0,0.000341822,0.001254826,0,0,0,0,0,0,0,0.000806994,0,0,0,0.000988549,0,0,0.001875154,0,0,0,0,0.000443206,0.001845397,0,0.004860329,0.001740283,0,0,0,0,0,0,0,0.000389219,0.000273121,0,0,0,0.000969368,0.001533507,0.000707272,0,0,0,0.000923483,0.000594948,0.00039852,0,0,0,0,0,0,0,0,0
06538b77450f85903962437f449fa60a,0,0,0,0,0,0,0,0,0,0,0,0,0,0,0.000357356,0,0.000622084,0.000637674,0.00095862,0,0,0,0,0,0,0,0,0,0.000227881,0,0.000789362,0,0,0,0.000497602,0,0,0,0.001364877,0.00227445,0.000197492,0.000741412,0.000782036,0.000735835,0,0,0,0,0,0,0,0.000891961,0,0,0.000854774,0,0,0,0,0,0,0,0,0,0,0,0,0,0,0,0,0,0,0,0,0,0,0,0,0,0,0,0,0
08ce27cee52afc14d82faaae7852a600,0.001874531,0,0,0,0,0,0,0,0,0,0,0,0.002703646,0,0,0,0,0,0,0,0,0,0,0,0,0,0,0,0,0,0,0,0,0,0,0,0.002778439,0,0,0,0,0,0,0,0,0,0,0,0.002961647,0,0,0,0,0,0,0,0,0,0,0,0.002487071,0.001191982,0.001297327,0,0,0,0.004103658,0.001891325,0.001497753,0,0,0,0.007025066,0.004543242,0.002334187,0,0,0,0.00118958,0,0.000611109,0,0,0
08eba18fc9aa967e5e29f20ee5041a60,0,0,0,0,0,0,0.003546099,0.002395009,0.004803986,0.009574357,0.00096475,0.001950585,0,0,0,0,0,0,0,0.011831442,0,0.004901961,0,0,0,0,0,0,0.000569703,0,0.010322424,0.00941365,0,0,0.004071293,0,0,0,0,0,0,0,0.000893755,0,0.003108808,0,0,0,0,0,0.001230265,0.000780466,0,0,0.003846483,0.003015743,0,0.001799754,0.00817515,0,0,0,0,0.002366485,0.014034344,0.017858081,0,0,0,0.007599693,0.000563801,0.002928362,0,0,0,0.223864154,0.004571904,0.015592681,0,0,0,0.0313691,0.034327777,0.073318059
08eedcaf8f982611c4982038139f6271,0.001937016,0,0,0,0,0,0,0,0,0,0,0,0.001744287,0,0,0,0,0,0,0,0,0,0,0,0,0,0,0,0,0,0,0,0,0,0,0,0.013495277,0,0,0,0,0,0,0,0,0,0,0,0.00318377,0,0,0,0,0,0,0,0,0,0,0,0,0,0,0,0,0,0.002520357,0.002232105,0.001372941,0,0,0,0.004221636,0.00200119,0.004127526,0,0,0,0.001480906,0.001911285,0.009143995,0,0,0
08faf2041b38f0c8f2faa68e7d5edd31,0.00499875,0,0,0,0,0,0,0,0,0,0,0,0.007151579,0.001168793,0,0,0.001057543,0,0,0,0,0,0,0,0.003016844,0.002875767,0.00101673,0,0,0,0,0,0,0,0,0,0.008811622,0.003227976,0.001478617,0.000985595,0,0,0,0,0,0,0,0,0.004664594,0,0,0,0,0,0,0,0,0,0,0,0.004460937,0.001727158,0.00194599,0,0,0,0.007076386,0.003867846,0.000998502,0,0,0,0.002440633,0.002415851,0.007031028,0.001975384,0,0,0.000606929,0.001632556,0.001901227,0,0.001061684,0.002669898
09fe878f37fdb48cdc41797c656c05b2,0,0,0,0,0,0,0,0,0,0,0,0,0,0,0,0,0,0,0,0,0,0,0,0,0,0,0,0,0,0,0,0,0,0,0,0,0,0,0,0,0,0,0,0,0,0,0,0,0,0,0,0,0,0,0,0,0,0,0,0,0.000631637,0.000924394,0,0,0,0,0.00100168,0.00081787,0.000998502,0,0,0,0.000560686,0.000558891,0.000540848,0,0,0,0.000704037,0.000557458,0.000430039,0,0,0
0ad13b6d1cd98ad7e8f6ee9909d33114,0.030054986,0.017721255,0.034787997,0.045789707,0.012738278,0.015335207,0.001536643,0.005235602,0.002253722,0,0,0,0.075091575,0.037206584,0.068016677,0.058324249,0.019533437,0.019385282,0.022101507,0.000648298,0,0,0,0,0.039470376,0.025690184,0.034938534,0.055588763,0.004443685,0.003474903,0.010626025,0.010264884,0,0,0.003166561,0.000330251,0.139636421,0.021116342,0.022634213,0.024639879,0.006220993,0.015981547,0.010334041,0,0,0,0,0,0.122241967,0.111118146,0.045314743,0.031887613,0.030747979,0.010607442,0.001282161,0,0,0,0.000895907,0,0,0,0,0,0,0,0,0,0,0,0,0,0,0,0,0,0,0,0,0,0,0,0,0
0df6c802966e8670279671824da4f10a,0,0,0,0,0,0,0,0,0,0,0,0,0,0,0,0.000389347,0,0,0,0,0,0.003196931,0,0,0,0,0,0,0,0,0,0,0,0,0,0,0,0,0,0,0,0,0,0,0,0,0,0,0,0,0,0,0,0,0,0,0,0,0,0,0,0,0,0.401630956,0.111893152,0.270129734,0,0,0,0.129166311,0.160533952,0.58788658,0,0,0,0,0.01763136,0.004163352,0.00016994,0,0.001516455,0.090212338,0.047174152,0.000492322
0f276b28ea3ba352f6fd667c1e298c38,0.004623844,0,0,0,0,0,0,0,0,0,0,0,0,0,0,0,0,0,0,0,0,0,0,0,0,0,0,0,0,0,0,0,0,0,0,0,0,0,0,0,0,0,0,0,0,0,0,0,0,0,0,0,0,0,0,0,0,0,0,0,0.000473728,0.001483896,0,0,0,0,0,0.000971221,0,0,0,0,0,0.001586529,0.001024765,0,0,0,0.00033988,0,0.001222217,0,0,0
0f2a5acc53e55f2c9f0c7409421dc5a0,0,0.015844887,0.011241923,0.006046306,0.010299033,0.005218788,0.031028369,0.008744569,0.00616808,0,0,0,0,0,0,0.006463168,0.041741835,0.016069379,0.0076157,0.025040519,0,0,0,0,0,0,0.011646178,0,0.002050931,0.008590734,0.002185925,0.001051525,0,0,0,0,0,0.003833221,0.005118289,0.004245641,0.028043843,0.008073153,0.007596917,0.016096394,0.032716506,0,0,0,0.007478158,0.022223629,0.023990158,0.009254097,0.037398956,0.047484876,0.004359347,0.002300143,0,0,0,0,0.001697525,0.000486523,0.001092486,0,0,0,0.001647926,0.000954182,0.001997004,0,0,0,0.002638522,0.000811293,0.001423285,0.008053487,0,0,0.013813697,0.003145656,0.01208637,0.010177158,0.007325618,0.002291189
10055b4de0b725f946f9dc5f3e8409df,0,0,0,0,0,0.00168607,0.002718676,0,0.000415159,0,0,0,0,0,0,0,0.003048212,0.009437572,0.003834478,0.010534846,0,0,0,0,0,0,0,0,0,0,0,0,0,0,0,0,0,0,0,0,0,0,0,0,0,0,0,0,0,0,0,0,0,0,0,0,0,0,0,0,0,0.001240634,0,0,0,0,0.001389427,0.005827327,0.001372941,0,0,0,0.001319261,0.001658644,0.00204953,0,0,0,0.001747955,0.001075098,0,0,0,0
12470c486f558c083c46b45408cae9c6,0,0.000312728,0,0,0,0,0,0,0.000474468,0,0,0,0,0.002727184,0.001667659,0.002336085,0.00118196,0,0.00063908,0.000648298,0,0,0,0,0,0,0,0,0,0,0,0,0,0,0,0,0,0,0,0,0,0,0,0,0,0,0,0,0,0,0,0,0,0,0,0,0,0,0,0,0,0.000121631,0.000341402,0,0,0,0.000226186,0.000306701,0,0,0,0,0.000791557,0.000649035,0.001138628,0,0,0,0,0.000199092,0,0,0,0
1328ddadac3f2d08eb25e79a18f7e574,0.022806798,0,0,0,0,0,0,0,0,0,0,0,0.028170242,0,0,0,0,0,0,0,0,0,0,0,0.048939915,0,0,0,0,0,0,0,0,0,0,0,0.060490593,0,0,0,0,0,0,0,0,0,0,0.000603774,0.063971568,0,0,0,0,0,0,0,0,0,0,0,0,0,0,0,0,0,0,0,0,0,0,0,0,0,0,0,0,0,0,0,0,0,0,0
13506518b825bfbd65794347af5958c6,0.001062234,0,0,0,0,0,0,0,0,0,0,0,0.002267574,0,0,0,0,0,0,0,0,0,0,0,0.000754211,0,0,0,0,0,0,0,0,0,0,0,0,0,0,0,0.006418485,0,0,0.000827815,0,0,0,0,0,0.000823097,0.004921058,0,0.003120843,0.001823154,0,0,0,0,0,0,0,0,0,0,0,0,0,0,0,0,0,0,0.002869393,0.001207925,0.001793339,0,0,0,0,0,0,0,0,0
14e78619269b8c45554ab4a8ddf2f22c,0,0.009694569,0,0.003539301,0.005059174,0.005539944,0.004432624,0,0,0,0,0,0.004273504,0.007012759,0.006670637,0,0.007340591,0.006504272,0.002023752,0.018071313,0,0,0,0,0,0,0.008411129,0,0.002221842,0,0,0,0,0,0,0,0,0.005985205,0,0.006444276,0.020588526,0,0.011060217,0.007358352,0.011398964,0,0,0,0,0.003798911,0.009944638,0.005574757,0.006702139,0,0,0,0,0,0,0,0,0,0,0,0,0,0,0,0,0,0,0,0,0,0,0,0,0,0,0,0,0,0,0
1841ceeb252a3e471065c84c01175567,0,0.004378192,0.002124458,0.005603893,0.00867287,0.008831794,0.009397163,0.001113958,0.000948935,0,0,0,0,0.006233564,0.004288267,0.008643513,0.013623639,0.011095524,0.010438302,0.008833063,0,0,0,0,0,0.001629601,0.002957759,0.002032277,0.004671566,0.003185328,0.000607201,0,0,0,0.000316656,0,0,0.002891728,0.006824386,0.005534496,0.034166091,0.004695609,0.014746956,0.014348786,0.006661732,0,0,0,0,0.008864126,0.010252204,0.012821942,0.016320475,0.013673655,0.002820754,0,0,0,0,0,0.003355572,0.002335312,0.00184357,0,0,0,0.003392788,0.003987119,0.000790481,0,0,0,0.001978892,0.005246363,0.000768574,0,0,0,0.000631206,0.001672374,0.001516455,0,0,0
1c281deaf71c6d702d1ddadfa953eac6,0,0,0,0,0,0,0.004018913,0,0,0,0,0,0,0,0,0.000856564,0,0,0.00047931,0.005510535,0,0,0,0,0,0,0,0,0,0,0,0,0,0,0,0,0,0,0,0.00121304,0.000987459,0,0,0,0.0006415,0,0,0,0.001480823,0.000443206,0.002563051,0.001114951,0.000716259,0.000745836,0,0,0,0,0,0,0.000197387,0.000462197,0.000921785,0,0,0,0.001098617,0.002351378,0.000624064,0,0,0,0.000989446,0.001171868,0.000256191,0,0,0,0.000655483,0.000995461,0.000792178,0,0.000247726,0.000132548
1fdb09b154f347c35de3aad68774cb79,0.003249188,0.014854581,0.005311145,0.001843386,0.005510886,0.003211562,0.02712766,0,0,0,0,0,0.005058434,0.023473264,0.015842764,0.014950942,0.005412131,0.002805765,0.001491186,0.005834684,0,0,0,0,0.003184446,0.013516104,0.011276458,0.00251046,0.002734575,0.008494208,0,0,0,0,0.000407129,0,0.007303326,0.01735037,0.020359418,0.03373768,0.080082947,0.047944641,0.040665847,0.041942605,0.016580311,0,0,0,0.007330076,0.015132329,0.029833914,0.030326681,0.022511,0.025358416,0.003333618,0.000562257,0,0,0,0,0.008408669,0.003089423,0.012324605,0.000447713,0,0,0.021326095,0.021145359,0.013604593,0,0,0,0.013720317,0.006129771,0.006404782,0,0,0,0,0,0,0.000418813,0,0.000795289
2197e3c697e9c1427ae1c3277d3c71f9,0,0,0,0,0,0,0,0,0,0,0,0,0,0,0,0,0,0,0,0,0,0,0,0,0,0,0,0,0,0,0,0,0,0,0,0,0,0,0,0,0,0,0,0,0,0,0,0,0,0,0,0,0,0,0,0,0,0,0,0,0.00059216,0,0.000955925,0,0,0,0.004232907,0.004310859,0.004950907,0,0,0,0.003397098,0.0015685,0.005550811,0.006078104,0,0,0.002063558,0.001114916,0.005341542,0,0.001097073,0.017893999
223141ee97781bbede60bb494d599448,0,0,0,0,0,0,0,0,0,0,0,0,0,0,0,0,0,0,0,0,0,0,0,0,0,0,0,0,0,0,0,0,0,0,0,0,0,0,0,0,0,0,0,0,0,0,0,0,0,0,0,0,0,0,0,0,0,0,0,0,0.005566302,0.003940839,0.004882046,0,0,0,0.013280341,0.013597097,0,0,0,0,0.004848285,0.01285449,0.008966695,0,0,0,0.005826516,0.003583659,0.007491739,0,0,0
226ab97195d19858d059fffaef17f5d7,0,0,0,0,0,0,0,0,0,0,0,0,0,0,0,0,0,0,0,0,0,0,0,0,0.002178832,0.007476994,0.005730659,0,0,0,0,0,0,0,0,0,0,0,0,0,0,0,0,0,0,0,0,0,0,0,0,0,0,0,0,0,0,0,0,0,0.005250484,0.005278778,0,0,0,0,0.015316014,0.009115848,0,0,0,0,0.00646438,0.007608127,0.006347851,0,0,0,0.008035736,0.004778211,0.014417636,0,0,0
22907d450b79c927e4ffe34a2d09d2aa,0.001937016,0.001720004,0,0,0,0,0.004491726,0,0,0,0,0,0,0,0,0.002024607,0.001430793,0,0.00111839,0.004538088,0,0,0,0,0,0,0,0,0,0,0,0,0,0,0,0,0,0,0,0,0.001678681,0,0.002178528,0.009289919,0.005576116,0,0,0,0,0.002659238,0.004818536,0,0.0045022,0.006049557,0.003419096,0,0,0,0,0,0.00059216,0.000924394,0.000853504,0,0,0,0.000872431,0.001414234,0,0,0,0,0.000989446,0.000793264,0,0,0,0,0,0,0.000633742,0,0,0
25f537c4856de1617e682de90caba215,0,0,0,0,0,0,0,0,0,0,0,0,0,0,0,0,0,0,0,0,0,0,0,0,0,0,0,0,0,0,0,0,0,0,0,0,0,0,0,0,0,0,0,0,0,0,0,0,0,0,0,0,0,0,0,0,0,0,0,0,0.004381983,0.001240634,0.004028541,0,0,0,0.00100168,0.007582341,0,0,0,0,0.003496042,0.001911046,0.002419584,0,0,0,0.005656575,0.002866927,0.000792178,0,0,0
2678ed3808ef43759fe3dcf46f1b1a05,0,0,0,0,0,0,0,0,0,0,0,0,0,0,0,0,0,0,0,0,0,0,0,0,0,0,0,0,0,0,0,0,0,0,0,0,0.000952608,0,0,0,0,0,0,0,0,0,0,0,0.001406782,0,0,0,0,0,0,0,0,0,0,0,0.004697801,0.002724531,0.002082551,0,0,0,0.002100297,0.005060574,0.002121817,0,0,0,0.005771768,0.004975932,0.005009963,0,0,0,0.005073924,0.004897667,0.000565841,0,0,0
26d95f66b97240febac5d7976fe5ebaf,0,0,0,0,0,0,0,0,0,0,0,0,0,0,0,0.002569693,0,0.001657952,0,0,0,0,0,0,0,0.003259202,0,0,0,0,0,0,0,0,0,0,0,0,0,0.0030326,0.003653599,0,0.002792984,0.004139073,0.0019245,0,0,0,0,0,0,0,0.002916198,0.003646308,0,0,0,0,0,0,0,0,0,0,0,0,0,0,0,0,0,0,0,0,0,0,0,0,0,0,0,0,0,0
270a745647e1f4f2daefddcae78b43c7,0,0,0,0,0,0,0,0,0,0,0,0,0,0,0,0,0,0,0,0,0,0,0,0,0,0,0,0,0,0,0,0,0,0,0,0,0,0,0,0,0,0,0,0,0,0,0,0,0,0,0,0,0,0,0,0,0,0,0,0,0.00264498,0.001532548,0.002799495,0,0,0,0.004039033,0.00940551,0.003037111,0,0,0,0.009135884,0.026646474,0.0048961,0,0,0,0.005923624,0.016046826,0.004074057,0,0.000707789,0
294439019add4f19e8d5d95d40921207,0,0,0,0,0,0,0,0,0,0,0,0,0,0,0,0,0,0,0,0,0,0,0,0,0,0,0,0,0,0,0,0,0,0,0,0,0,0,0,0,0,0,0,0,0,0,0,0,0,0,0,0,0,0,0,0,0,0,0,0,0.00059216,0.000462197,0,0,0,0,0,0.001175689,0.000457647,0,0,0,0,0.000270431,0,0,0,0,0,0.005972764,0.000724277,0,0,0
2a89717b521dc276ae1bd08090909dc4,0.001812047,0.001615761,0.002744091,0.001990857,0,0,0,0,0.001897871,0,0,0,0.000697715,0.002142788,0.001429422,0,0,0,0,0,0,0,0,0,0.00067041,0,0,0.00083682,0.000911525,0,0,0.000250363,0,0,0.000814259,0,0,0,0,0,0,0.000988549,0.000837895,0,0,0,0,0,0,0,0,0,0.000613936,0,0,0,0,0,0,0,0,0,0,0,0,0,0,0,0,0,0,0,0,0,0,0,0,0,0,0,0,0,0,0
2cf0267a31dc6f1b8ee65c913b8f6e4d,0.002374406,0.000416971,0,0,0,0,0,0,0,0,0,0,0.004535147,0.002337586,0.001072067,0,0.000497667,0,0,0,0,0,0,0,0.002346434,0.000479294,0,0,0,0,0,0,0,0,0,0,0.001349528,0,0,0,0,0,0,0,0,0,0,0,0.007181993,0,0,0,0,0,0,0,0,0,0,0,0.002723935,0.000705459,0.006179373,0,0,0,0.006527078,0.0059466,0.00282909,0,0,0,0.007156992,0.001370184,0.003387418,0,0,0,0.001626569,0.005136577,0.001403286,0,0,0
2d01d21dc12ee96d173b6ab4e83f9a3b,0,0.001459397,0,0.001327238,0.000542054,0,0,0,0,0,0,0,0,0.002045388,0.001548541,0,0.000995334,0,0,0,0,0,0,0,0.000921813,0.003163344,0.0018486,0.001315003,0.000740614,0,0,0,0,0,0,0,0,0.001613988,0.004322111,0.003714936,0.001728054,0.001482824,0.001117194,0,0,0,0,0,0.001332741,0.000253261,0,0,0,0,0,0,0,0,0,0,0,0,0,0,0,0,0,0,0,0,0,0,0,0,0,0,0,0,0,0,0,0,0,0
31217980cfdf305668ba9c8482a34e81,0,0,0,0,0,0,0,0,0,0,0,0,0,0.000681796,0,0,0,0,0,0,0,0,0,0,0,0,0,0,0,0,0,0,0,0,0,0,0,0,0,0,0,0,0,0,0,0,0,0,0,0,0,0,0,0,0,0,0,0,0,0,0.000394773,0,0.000751084,0,0,0,0.000452372,0.000238546,0,0,0,0,0.000989446,0,0,0,0,0,0.001043917,0.00051764,0.001448554,0,0,0
32048bc37f42f1fac1d65633b809201e,0,0,0,0,0,0,0,0.003286176,0,0,0,0,0,0,0,0,0,0.010840454,0.014485807,0,0,0,0,0,0,0,0,0,0.004956418,0.005694981,0.007893618,0,0,0,0,0,0,0.004371217,0,0.012585292,0,0,0.004915652,0,0,0,0,0,0,0,0,0.01081503,0.002302261,0,0.013163518,0,0,0,0,0,0,0,0,0,0,0,0,0,0,0,0,0,0,0,0,0,0,0,0,0,0,0,0,0
34e330f47d6b0b3a7742855c99c1730b,0,0,0,0,0,0,0,0,0,0,0,0,0,0,0,0,0,0,0,0,0,0,0,0,0,0,0.00166374,0,0,0,0,0,0,0,0,0,0,0,0,0,0,0,0,0,0,0,0,0,0,0,0,0,0,0,0,0,0,0,0,0,0,0.000729785,0,0,0,0,0.001066305,0.001056416,0.003286737,0,0,0,0.000923483,0.00072115,0.002277256,0,0,0,0.002500546,0.00127419,0.004934136,0,0,0
3562d3a0374b9f2ed190c1a7aa7dedb7,0.00099975,0.001876368,0.000796672,0,0,0,0.003014184,0.000334187,0,0,0,0,0,0.001850589,0,0.001245912,0.001368585,0.004081112,0,0.004943274,0,0,0,0,0.001508422,0,0.0018486,0,0.000512733,0.001351351,0.000910802,0,0,0,0.000361893,0,0,0,0,0,0,0,0.000726176,0,0.001233654,0,0,0,0,0,0.002152963,0,0.001176711,0,0,0,0,0,0,0,0.003513482,0.003381337,0.002697074,0,0,0,0.003037353,0.002709196,0.001040107,0,0,0,0.004419525,0.00214542,0.004013664,0,0,0,0.001602292,0.000597276,0.001131683,0,0,0
35f3ce6a0ee2829e6ccb193be3c4338b,0.097225694,0,0,0,0,0,0,0,0,0,0,0,0.118698762,0,0.000476474,0,0,0,0,0,0,0,0,0,0.037459147,0,0,0,0,0,0,0,0,0,0,0,0.040962134,0,0,0,0,0,0,0,0,0,0,0,0.016955427,0,0,0,0,0,0,0,0,0,0,0,0.018080613,0.067018585,0.020108566,0,8.48E-05,0,0.005460773,0.015641773,0.008320852,0,0,0,0.013291557,0.06612941,0.069114717,0,0,0,0.037969459,0.009954607,0.00024897,0,0,0
37a0a427f45ea3b8299b4a41c10d02e6,0,0,0,0,0,0,0,0,0,0,0,0,0,0,0.001191185,0,0,0,0,0,0,0,0,0,0,0,0,0,0,0,0,0,0,0,0,0,0.025958562,0,0,0,0,0,0,0,0,0,0,0,0.00821857,0,0,0,0,0,0,0,0,0,0,0,0.009592989,0.002967792,0.008569185,0,0,0,0.029274913,0.060726882,0.000624064,0,0,0,0.029848285,0.029458958,0.040933675,0,0,0,0.03396373,0.013458629,0.054275497,0,0,0
37a7e187d35366eb6167cbe90e558af1,0.074293927,0.002397582,0.004602992,0.003613036,0,0,0,0,0,0,0,0,0.109017966,0.017726697,0.002025015,0.00147952,0.00118196,0,0,0,0,0,0,0,0.001676024,0.000958589,0,0.000358637,0,0,0,0,0,0,0,0,0,0,0,0,0,0,0,0,0,0,0,0,0,0,0.006151323,0.00390233,0.002660391,0.000497224,0,0,0,0,0,0,0,0.00063248,0,0,0,0,0,0,0,0,0,0,0.059828496,0.091009068,0.034130373,0,0,0,0.121410017,0.072588994,0.06278575,0,0,0
3abae39e94cf51920aec2b9fb42b53a9,0.000249938,0,0,0,0,0,0,0,0,0,0,0,0.000784929,0,0,0,0,0,0,0,0,0,0,0,0,0,0,0,0,0,0,0,0,0,0,0,0,0,0,0,0,0,0,0,0,0,0,0,0.000888494,0,0,0,0,0,0,0,0,0,0,0,0.000236864,0.000364892,0.000375542,0,0,0,0.000258498,0.000630442,0.000124813,0,0,0,0,0.000558891,0.000370054,0,0,0,0,0,0,0,0,0
3d2cd874a4eea35af603ca0c0c25c89f,0.010434891,0,0,0,0,0,0,0,0,0,0,0,0.003488575,0.000973994,0.001667659,0.001245912,0,0,0,0,0,0,0,0,0,0,0,0.000717274,0,0,0,0,0,0,0,0,0.003572279,0,0,0,0,0,0,0,0,0,0,0,0.010884052,0,0.001230265,0.000668971,0,0,0,0,0,0,0,0,0.000710592,0.000291914,0.001536308,0,0,0,0.013700401,0.008775069,0.005824596,0,0,0,0.01098285,0.009519174,0.007714204,0,0,0,0.006749047,0.002389106,0.000203703,0,0,0
3dfaa3fabdf04711351c97af550d2921,0,0,0,0,0,0,0,0,0,0,0,0,0,0,0,0,0,0,0,0,0,0,0,0,0,0,0,0,0,0,0,0,0,0,0,0,0,0,0,0,0,0,0,0,0,0,0,0,0,0,0,0,0,0,0,0,0,0,0,0,0.004697801,0.000973047,0.000614523,0,0,0,0.004523717,0.007360834,0.001705775,0,0,0,0.002935356,0.001045667,0.001138628,0,0,0,0.000898254,0,0.005002037,0,0,0
3e064c3f883fdd051884a58537182eef,0,0,0,0,0,0,0,0,0,0,0,0,0,0,0,0,0,0,0,0,0,0,0,0,0,0,0,0,0,0,0,0,0,0,0,0,0,0,0,0,0,0,0,0,0,0,0,0,0,0,0,0,0,0,0,0,0,0,0,0,0.000750069,0.000681133,0,0,0,0,0.002100297,0.001175689,0,0,0,0,0.000560686,0.000793264,0.000768574,0,0,0,0.001238135,0,0.001448554,0,0,0
3ee3085cd6f25c2449332df3675b9eee,0,0,0,0,0,0,0,0,0,0,0,0,0,0,0,0,0,0,0,0,0,0,0,0,0,0,0,0,0,0,0,0,0,0,0,0,0,0,0,0,0,0,0,0,0,0,0,0,0,0,0,0,0,0,0,0,0,0,0,0,0.002131775,0.000413545,0.008671606,0,0,0,0.004362156,0.001584624,0.00166417,0,0,0,0,0,0,0,0,0,0,0,0,0,0,0
3f574a1c6ddd83e13a9f0c0d99628511,0.000687328,0,0,0.000589883,0.00036137,0,0.003250591,0,0,0,0,0,0,0.002240187,0.002977963,0.00155739,0.000870918,0.001020278,0.000426053,0.002917342,0,0.000213129,0,0,0,0.001629601,0,0,0,0,0.000485761,0,0,0,0,0,0,0,0.000909918,0.00212282,0.000789967,0.000576654,0.00178751,0.001287712,0.003256847,0,0,0,0.000592329,0.001456249,0,0.002341398,0.00076742,0.002734731,0.001880503,0.000511143,0,0.000852515,0,0,0,0.000218935,0,0,0,0,0,0.00017039,0,0,0,0,0,0.000126201,0.00039852,0,0,0,0,0.000238911,0,0.001800896,0,0
401e9cda8dd173db76e03cfe30f2274e,0,0,0,0,0,0,0,0,0,0,0,0,0,0,0,0,0,0,0,0,0,0,0,0,0,0,0,0,0,0,0,0,0,0,0,0,0,0,0,0,0,0,0,0,0,0,0,0,0,0,0,0,0,0,0,0,0,0,0,0,0,0.000583828,0,0,0,0,0.004200595,0.003220365,0.001913796,0,0,0,0.00151715,0.001802874,0.006262454,0,0,0,0.000412712,0.00075655,0,0,0,0
431b7a050a85f69cfcb3d5bb614a02e9,0,0,0,0,0,0,0,0,0,0,0,0,0,0,0,0,0,0,0,0,0,0,0,0,0,0,0,0,0,0,0,0,0,0,0,0,0,0,0,0,0,0,0,0,0,0,0,0,0,0,0,0,0,0,0,0,0,0,0,0,0.00323714,0.008392527,0.000375542,0.000159898,0,0,0.000258498,0.000647481,0.000249626,0,0,0,0.00171504,0.003137,0.016538571,0,0,0,0.003714404,0.000995461,0.002082296,0,0,0
4422afa5e085d3e4373b56dd5c28160d,0,0,0,0,0,0,0,0,0,0,0,0,0,0,0,0,0,0,0,0,0,0,0,0,0,0,0,0,0,0,0,0,0,0,0,0,0,0,0,0,0,0,0,0,0.000394769,0,0,0,0.001480823,0,0,0,0,0,0,0,0,0,0,0,0.001658047,0.000729785,0.000990065,0,0,0,0.00171255,0.000681559,0.0019554,0,0,0,0.001813984,0.000468747,0.001651011,0,0,0,0.002282052,0,0.00167489,0,0,0.000265096
446b888f8119b56e60b68ad01e3dd288,0,0.034400083,0.035496149,0.000442413,0,0,0,0,0,0,0,0,0,0.042758352,0.043478261,0,0,0,0,0,0,0,0,0,0,0.053297546,0.034383954,0.024028691,0.008431607,0,0.000546481,0.000150218,0,0,0,0,0,0,0.000682439,0.022896133,0.00449294,0,0,0,0,0,0,0,0,0,0,0,0.00414407,0,0,0,0,0,0,0,0,0,0,0,0,0,0,0,0,0,0,0,0,0,0,0,0,0,0,0,0,0,0,0
4598e7db6dff8f019ff4f6c50dc05df4,0,0,0,0,0,0,0,0,0,0,0,0,0,0,0,0,0,0,0,0,0,0,0,0,0,0,0,0,0,0,0,0,0,0,0,0,0,0,0,0,0.00049373,0,0.000782036,0,0.000592154,0,0,0,0,0,0,0,0.000511614,0,0,0,0,0,0,0,0.000355296,0,0.000785224,0,0,0,0.000743182,0.000766754,0.001539358,0,0,0,0,0,0,0.004976447,0,0,0,0,0,0,0,0
45b76e49b6500d8d245c2f27f6fbb143,0.003186703,0.010320025,0.023369036,0.015042029,0.009485952,0.015816941,0.008687943,0.02511975,0.007532175,0,0,0.000216732,0,0.004772572,0,0.005372995,0.017169518,0.060068869,0.099376897,0.008184765,0,0,0,0,0,0.023197853,0.028098715,0.075672445,0.033669458,0.042084942,0.050276277,0.003905663,0,0,0.00171899,0,0.003969199,0.031674512,0.022634213,0.088779378,0.007060334,0.014498723,0.023237627,0.012049301,0.002269924,0,0,0,0,0.026655692,0.016916137,0.06299476,0.017087895,0.043672827,0.077442516,0.006133715,0,0.002841716,0.000335965,0,0,0,0,0,0,0,0,0.000937143,0.00224663,0,0,0,0,0.000937494,0.006319385,0.016258927,0,0,0,0.000716732,0,0.008292499,0.000849347,0.005150442
48120f2d28136884787660eb4953652a,0,0,0,0,0,0,0,0,0,0,0,0,0,0,0,0,0,0,0,0,0,0,0,0,0,0.00172546,0,0,0.000968495,0,0,0,0,0,0,0,0,0,0,0.00212282,0.001086205,0,0,0,0,0,0,0,0,0,0,0.001672427,0.001688325,0.00265186,0,0,0,0,0,0,0,0,0,0,0,0,0,0,0,0,0,0,0,0,0,0,0,0,0.00067976,0.001194553,0.000384772,0,0,0
48e2a4ea98aea8fa0f0cf874bdcacb52,0,0,0,0,0,0,0,0,0,0,0,0,0,0,0,0,0,0,0,0,0,0,0,0,0,0.002875767,0,0,0,0,0,0,0,0,0,0,0,0,0,0,0,0,0,0.003955114,0.002566,0,0,0,0,0.001899455,0,0.003233359,0.002813875,0.003563437,0,0,0,0,0,0,0,0,0,0,0,0,0,0,0,0,0,0,0,0,0,0,0,0,0,0.001035279,0,0,0,0
4a18a72af06424cd6600b6f548ea8f05,0.008685329,0,0,0,0,0,0,0,0,0,0,0,0,0,0,0,0,0,0,0,0,0,0,0,0.006955502,0,0,0,0,0,0,0,0,0,0,0,0,0,0,0,0,0,0,0,0,0,0,0,0,0,0,0,0,0,0,0,0,0,0,0,0.000236864,0,0.002697074,0,0,0,0.019775107,0.010615277,0.009527376,0,0,0,0.009135884,0.00356969,0.008824367,0,0,0,0.011143211,0.007366409,0.008872391,0,0,0
4cbfff144d4e7a4e0f4619ed505be070,0,0,0,0,0.023217996,0.021276596,0.534929078,0.501448145,0.543739992,0.883338537,0.948200371,0.945762896,0,0,0,0,0.009393468,0.097181482,0.066943601,0.573662885,0.994878582,0.88501705,0.947824181,0.970648186,0,0,0,0,0.012305589,0.404247104,0.454915295,0.688999049,0.951650348,0.900979325,0.702478965,0.95943417,0,0,0,0,0.002419275,0.005684158,0.007652776,0.206585725,0.466617321,0.919388464,0.912879821,0.994666667,0,0,0,0,0.009822982,0.019806083,0.71330883,0.936260478,0.990337453,0.866439329,0.941822051,0.989343353,0,0,0,0.518548129,0.821496714,0.601449656,0,0.000187429,0,0.80952381,0.810778542,0.401757017,0,0.000198316,0,0.37201793,0.944590279,0.52601432,0,0,0,0.529337857,0.682450366,0.301868929
4e0a65b0a2fab7bf0f307d360b679d87,0,0.004586678,0,0,0,0.003291851,0,0,0,0,0,0,0.003750218,0,0,0,0.004292379,0,0,0,0,0,0,0,0,0.008531442,0.011276458,0,0,0.003861004,0,0,0,0,0,0,0.006747638,0.008473436,0,0.014859742,0.017971759,0,0.008378952,0.030629139,0.010461387,0,0,0,0.009329187,0.024502976,0,0.016389787,0.023022613,0.028258888,0,0,0,0,0,0,0,0,0,0,0,0,0,0,0,0,0,0,0,0,0,0,0,0,0,0,0,0,0,0
501a3e687c65822914e1a727e5f43331,0,0,0,0,0,0,0,0,0,0,0,0,0,0,0,0,0,0,0,0,0,0,0,0,0,0,0,0,0.000398792,0,0,0,0,0,0,0,0,0,0,0,0,0,0.002457826,0,0,0,0,0,0,0,0,0,0,0,0,0,0,0,0,0,0,0,0,0,0,0,0.00271423,0.002129871,0,0,0,0,0.001484169,0.000973552,0.001622545,0,0,0,0.004102838,0,0.005024671,0,0,0
50c77a7d7927650d7b1a093e9d2c62de,0.004248938,0.002032732,0.000531114,0.000958561,0,0,0,0,0.000355851,0,0,0,0.002616431,0.004869972,0.002025015,0.002491824,0.001306376,0,0.000372797,0,0,0,0,0,0,0.001917178,0.00120159,0,0.000512733,0,0,0,0,0,0,0,0.002381519,0.001681237,0.006028207,0.00181956,0.003456107,0.00090617,0.00173165,0.000551876,0,0,0,0,0.001554865,0.004495378,0.004716014,0.004348311,0.004297554,0.000911577,0,0,0,0,0,0,0.009198216,0.001313613,0.002970196,0,0,0,0.002746543,0.001567585,0.000457647,0,0,0,0.002572559,0.002271621,0.000967834,0,0,0,0.013036828,0.004459664,0.011022588,0,0,0
51111e66d97d8fd3f0bdf584d69c7835,0,0,0,0,0,0,0,0,0,0,0,0,0,0,0,0,0,0,0,0,0,0,0,0,0,0,0,0,0,0,0,0,0,0,0,0,0,0,0,0,0,0,0,0,0,0,0,0,0,0,0,0,0,0,0,0,0,0,0,0,0.002092298,0.001240634,0,0,0,0,0.000743182,0.001226806,0.001705775,0,0,0,0,0.000793264,0.001451751,0,0,0,0,0,0,0,0,0
538add871396bc31fee52b4c6e73542a,0.004311422,0.007088502,0.005222625,0.002212063,0.003884723,0,0.00212766,0,0.000474468,0,0,0,0.007500436,0.013928119,0.015008934,0,0,0,0.000692336,0,0,0,0,0,0.008547725,0.013803681,0.013679638,0.000717274,0.002848516,0.007915058,0.000789362,0,0,0,0,0,0.010716837,0.014324143,0.006028207,0.023654284,0.030956848,0.006260812,0.012847727,0.039919058,0.015494695,0,0,0,0.014660151,0.034380144,0.00953455,0.027650797,0.034329275,0.040938096,0.001795025,0,0,0,0,0,0,0,0,0,0,0,0,0,0,0,0,0,0,0,0,0,0,0,0,0,0,0,0,0
547c9838a1612f7043e6f4258b8b5304,0,0.013968519,0.017615296,0.021751954,0,0.022641509,0,0,0,0,0,0,0,0,0,0.011291076,0,0.016707053,0,0,0,0,0,0,0,0,0.016914687,0.015899582,0,0,0,0,0,0,0,0,0,0,0,0,0,0.008649806,0,0,0,0,0,0,0,0,0,0,0,0,0,0,0,0,0,0,0,0,0,0,0,0,0,0,0,0,0,0,0,0,0,0,0,0,0,0,0,0,0,0
54dcb911e3ab04e9d5b30c3912100b41,0,0,0,0,0,0,0,0,0,0,0,0,0,0,0,0,0,0,0,0,0,0,0,0,0,0,0,0,0,0,0,0,0,0,0,0,0,0,0,0,0.000987459,0,0,0,0,0,0,0,0,0,0,0,0,0,0,0,0,0,0,0,0.057084205,0.021869223,0.055341231,0.000543652,0,0,0.05790358,0.086472763,0.027750042,0,0,0,0.006332454,0.003173058,0.003928266,0.002127336,0,0,0.015585929,0.0324122,0.031596578,0.001047033,0.001238631,0.004544508
55e62a37d75f2f867ef4733f85b82a45,0,0,0,0,0,0,0,0,0,0,0,0,0,0,0,0,0,0,0,0,0,0,0,0,0,0,0,0,0,0,0,0,0,0,0,0,0,0,0,0,0.000888713,0,0,0,0.002467308,0,0,0,0,0,0,0,0,0,0,0,0,0,0,0,0,0,0,0,0,0,0.000646245,0,0.000540855,0,0,0,0,0,0.000426985,0,0,0,0.000534097,0,0.000452673,0,0,0
569653b1659271a290facfcedd0de061,0,0,0,0,0,0,0,0,0,0,0,0,0,0,0,0,0,0,0,0,0,0,0,0,0,0,0,0,0,0,0,0,0,0,0,0,0,0,0,0,0,0,0,0,0,0,0,0,0,0,0,0,0,0,0,0,0,0,0,0,0,0,0,0.006907579,0.020224719,0.036451494,0,0,0,0.021916716,0.009617776,0.006070995,0,0,0,0.023134782,0.010171939,0.040997083,0,0,0,0.010344683,0.004105177,0.053663063
57e11c3559fa2ef79a2702684229e4ba,0.002061985,0,0,0,0,0,0,0,0,0,0,0,0.003052503,0,0,0,0,0,0,0,0,0,0,0,0,0,0,0,0,0,0,0,0,0,0,0,0.002222751,0,0,0,0,0,0,0,0.000542808,0,0,0,0,0,0,0,0.001074389,0,0,0,0,0,0,0,0.003000276,0.000705459,0.002458093,0,0,0,0.004232907,0.005077612,0.001164919,0,0,0,0.005211082,0.002235563,0.002191859,0,0,0,0.009079653,0.002070558,0.004209859,0,0,0
5810a546133ce2a9e01ba21225a87263,0.012496876,0,0,0,0,0,0,0,0,0,0,0,0.014739229,0,0,0,0,0,0,0,0,0,0,0,0.011815973,0,0,0,0,0,0,0,0,0,0,0,0.027308089,0,0,0,0,0,0,0,0,0,0,0,0.007256034,0,0,0,0,0,0,0,0,0,0,0,0,0,0,0,0,0,0,0,0,0,0,0,0,0,0,0,0,0,0.003374524,0.009675878,0.001742791,0,0,0
5b9305abe9131ab077f971551c108db7,0,0,0,0,0,0,0,0,0,0,0,0,0.000784929,0,0,0,0,0,0,0,0,0,0,0,0.000335205,0,0,0,0,0,0,0,0,0,0,0,0,0,0,0,0,0,0,0,0,0,0,0,0.0012587,0,0,0,0,0,0,0,0,0,0,0,0.000631637,0.001848789,0.000375542,0,0,0,0,0.001516468,0,0,0,0,0.000956464,0.004128581,0.001764873,0,0,0,0.004054284,0.001552919,0.003327147,0,0,0
5e18094f37d33836726fabc09f8e46fc,0,0,0,0,0,0,0,0,0,0,0,0,0,0,0,0,0,0,0,0,0,0,0,0,0,0,0,0,0,0,0,0,0,0,0,0,0.033976344,0,0,0,0,0,0,0,0,0,0,0,0.022952762,0,0,0,0,0,0,0,0,0,0,0,0.003513482,0.006616717,0.008330204,0,0,0,0.017222438,0.00165278,0.021010151,0,0,0,0.008872032,0.01128599,0.029888984,0,0,0,0.004175669,0.008998965,0.022271513,0,0,0
5eaeab6fa2a8efe96eac7a0712c65080,0,0.00078182,0,0.001032296,0,0.000722601,0.006560284,0,0,0,0,0.000270915,0.001133787,0.001947989,0.000952948,0.002569693,0.001741835,0.003953577,0.00111839,0.000648298,0,0,0,0,0,0,0.00064701,0,0.000797584,0,0,0,0,0,0,0,0,0.000403497,0.001251137,0.000833965,0.002715513,0.00181234,0.002457826,0.001655629,0.002862077,0,0,0,0.000518288,0.000949728,0.00399836,0.001449437,0.002046455,0.002237507,0,0,0,0,0,0,0.000986933,0.000875742,0,0,0,0,0.000452372,0.001039377,0,0,0,0,0.00042876,0.000378603,0.000426985,0,0,0,0.000145663,0.000676913,0.000430039,0,0,0
5f1f6453ad88dc836876671d27f97f58,0,0,0,0,0,0,0,0,0,0,0,0,0.000959358,0,0,0,0,0,0,0,0,0,0,0,0.001843627,0,0,0,0,0,0,0,0,0,0,0,0,0,0,0,0.00133307,0,0.001508211,0.002851361,0,0,0,0,0.0037761,0.000569837,0.001332787,0.000780466,0.000665098,0,0,0,0,0,0,0,0.000473728,0.000510849,0.00198013,0,0,0,0.000258498,0.00017039,0.000208021,0,0,0,0.001220317,0.000594948,0.000711642,0,0,0,0,0,0.000271604,0,0,0
60a2e0a4d6760de56ad66a42a4093dc5,0.00256186,0.003544251,0,0.00501401,0.004336435,0.002167804,0.000650118,0,0,0,0,0,0,0,0,0,0,0,0,0,0,0,0,0,0,0.008243865,0.010999168,0.00334728,0.002506694,0,0,0,0,0,0,0,0.003254743,0.003496974,0.00500455,0.007657316,0.010615187,0.008896944,0.007820355,0.005978661,0.002763385,0,0,0,0.000814453,0.007914398,0.013430388,0.01884268,0.01238105,0.012016243,0.002906231,0,0,0,0,0,0,0,0,0,0,0,0,0,0,0,0,0,0,0,0,0,0,0,0,0,0,0,0,0
6116fd7dc95407952dfa6a8cad835556,0.001374656,0,0.000619634,0,0,0,0,0.002172218,0.000889627,0,0,0,0.001744287,0.000486997,0,0.000389347,0.00037325,0.001147813,0.005964744,0,0,0,0,0,0.00067041,0.000958589,0.00147888,0.001912732,0.00176608,0.007335907,0.002489526,0.00095138,0,0,0,0,0,0,0,0,0,0,0,0,0,0,0,0,0,0,0,0,0,0,0.002136935,0,0,0,0,0,0,0,0,0,0,0,0,0,0,0,0,0,0,0,0.000341588,0.000303905,0,0,0.000267049,0,0,0,0,0
61db0bd527e07336202fd0ff4578c042,0,0,0,0,0,0,0,0,0,0,0,0,0.001308216,0,0,0,0,0,0,0,0,0,0,0,0,0,0,0,0,0,0,0,0,0,0,0,0,0,0,0,0,0,0,0,0,0,0,0,0,0,0,0,0,0,0,0,0,0,0,0,0.000671114,0.000340566,0.002014271,0,0,0,0.002164922,0.001277923,0,0,0,0,0.001813984,0.000685092,0.001537148,0,0,0,0.001747955,0.000318547,0.003010276,0,0,0.000170419
62dc76a09326c359be5946507e82e9fa,0.000562359,0.003179402,0.004868549,0.004276655,0.00415575,0.001204336,0.004905437,0.018157514,0.018029773,0.000936622,0,0,0,0.004577773,0.002739726,0.006463168,0.001119751,0.002805765,0.010172019,0.000486224,0,0,0,0,0,0.005368098,0.006377669,0.004781829,0.004386715,0.012837838,0.006557775,0.012518151,0,0,0.002759432,0.000275209,0,0.007128447,0.006255687,0.005382866,0.000345611,0.001235687,0.001228913,0.001195732,0.001283,0,0,0,0,0.001962771,0.002152963,0.004348311,0.000511614,0.002403249,0.00393196,0.007769372,0,0.003125888,0.003807604,0,0,7.30E-05,0,0,0,0,0,0.000187429,0,0,0,0,0,0.000270431,0.000313123,0,0,0,0,0.000915824,0,0,0.000530842,0.007176535
630d3298d6df053fa8d57ead7cd4df95,0,0,0,0,0,0,0,0,0,0,0,0,0.001046572,0,0,0,0,0,0,0,0,0,0,0,0,0,0,0,0,0,0,0,0,0,0,0,0,0,0,0,0,0,0,0,0,0,0,0,0,0,0,0,0,0,0,0,0,0,0,0,0.000671114,0,0.000887645,0,0,0,0.003554349,0.002334339,0.001622566,0,0,0,0.001583113,0.001766816,0.000825505,0,0,0,0,0,0,0,0,0
6337b308d49ea78bc68f9100ca6c62b4,0.003186703,0,0,0,0,0,0,0,0,0,0,0,0.005407291,0,0,0,0,0,0,0,0,0,0,0,0.002262633,0,0,0,0,0,0,0,0,0,0,0,0.026276097,0,0,0,0,0,0,0,0,0,0,0,0.002147194,0,0,0,0,0,0,0,0,0,0,0,0.001894911,0.001386591,0.012085624,0,0,0,0.008724312,0.003424833,0.003827592,0,0,0,0.001385224,0.001081724,0.002391119,0,0,0,0,0,0.000294237,0,0.000743179,0.001344417
6536a7bc84c95500ef05185628c9f407,0.000874781,0,0,0,0.000813082,0,0,0,0,0,0,0,0.001133787,0,0.00238237,0,0,0,0,0,0,0,0,0,0,0,0,0,0,0,0,0,0,0,0,0,0.000873224,0,0,0,0,0,0,0,0,0,0,0,0,0,0,0,0,0,0,0,0,0,0,0,0.000947456,0.000510849,0,0,0,0,0.000807807,0.000681559,0.000499251,0,0,0,0,0.000811293,0.001508682,0,0,0,0,0.000477821,0,0,0,0
6a8118b17d1d40cf877db24449ceb616,0.001812047,0.005003648,0.001593343,0.003170624,0.003252326,0.002087515,0,0,0,0,0,0,0.003663004,0.002727184,0.005241215,0.004672169,0.004603421,0.003953577,0.00079885,0,0,0,0,0,0,0.001917178,0.004344209,0.001912732,0.002335783,0.002702703,0,0,0,0,0,0,0.004127967,0.008204438,0.019563239,0.009021986,0.015898094,0.023395667,0.022902469,0.003955114,0.002417962,0,0,0,0,0.009307332,0.009944638,0.004571301,0.011204338,0.010607442,0,0,0,0,0,0,0.000947456,0,0.004062681,0,0,0,0,0,0,0,0,0,0,0,0,0,0,0,0.00237916,0.002229832,0.000860079,0,0,0
6aaac37f56d07ffcea4fe9ef1cd00d2f,0,0,0,0,0,0,0,0,0,0,0,0,0,0,0,0,0,0,0,0,0,0,0,0,0,0,0,0,0,0,0,0,0,0,0,0,0.004604271,0.01338265,0.0288899,0.047915087,0.20860077,0.077518741,0.182270137,0.161423841,0.037256353,0,0,0,0,0.00854755,0.06725446,0.050507303,0.059961117,0.045661722,0.006923669,0.0010734,0.000686678,0,0,0,0,0,0,0,0,0,0,0,0,0,0,0,0,0,0,0,0,0,0,0,0,0,0.000424674,0.000397644
6c921e3ae0af506f54295d074ca071bc,0,0,0,0,0,0,0,0,0,0,0,0,0.003924647,0,0,0,0,0,0,0,0,0,0,0,0.003184446,0,0,0,0,0,0,0,0,0,0,0,0.020798603,0,0,0,0,0,0,0,0,0,0,0,0.028061602,0.003988857,0,0.005128777,0.005116136,0.003231955,0,0,0,0,0,0,0.001855434,0.000559502,0.008432624,0,0,0,0.003263539,0.002266183,0.0146447,0,0,0,0.002638522,0.000811293,0.003273555,0,0,0,0.004102838,0.003225293,0.006835363,0,0,0
6d4ab2107d92228c6751838e7dbbe697,0.001437141,0.002189096,0,0.001548444,0.001445478,0,0.000472813,0.000334187,0,0,0,0,0.004011861,0.005259569,0,0.002336085,0.002488336,0.006759342,0.001757469,0,0,0,0,0,0,0.004217791,0.003419909,0,0.002050931,0.002123552,0.000425041,0,0,0,0,0,0,0,0,0,0.001728054,0.002471373,0.001843369,0,0.001085616,0,0,0,0.002443359,0.003165759,0.002255485,0.005574757,0.001688325,0.003149084,0.000769297,0,0,0,0,0,0.00264498,0.000389219,0.000443822,0,0,0,0.002391108,0.00115865,0.005325345,0,0,0,0.001220317,0.000594948,0.002191859,0,0,0,0.00203928,0.002229832,0.001516455,0,0,0
6e5be229dd49e819c917d2ae8b72610b,0.002499375,0.000364849,0.001416305,0.001253502,0.000451712,0.001525492,0.000236407,0,0,0,0,0,0.004447933,0.002434986,0.001310304,0,0.001057543,0,0,0.000972447,0,0,0,0,0.001843627,0.004026074,0.006377669,0.002390915,0.00176608,0.004343629,0,0,0,0,0,0,0.000555688,0.003833221,0.006369427,0.004700531,0.007307199,0.006919845,0.015528991,0.003587196,0.006760424,0,0,0,0.00444247,0,0,0,0.002558068,0.00256899,0,0,0,0,0,0,0.001223797,0.001848789,0.000546243,0,0,0,0.000452372,0.000511169,0.000457647,0,0,0,0.001352243,0.002217535,0.00079704,0,0,0,0.001310966,0.001552919,0,0,0,0
766219c96c8e1cd5e3934f165d0fb3e7,0,0.002970916,0,0.001032296,0.000993766,0,0.001891253,0,0,0,0,0,0,0,0,0.002803302,0.004914463,0.006249203,0.001384673,0.006077796,0,0,0,0,0,0,0,0,0,0,0,0,0,0,0,0,0,0,0,0,0.002271156,0,0.001899229,0,0,0,0,0,0,0.002469292,0.001640353,0.005574757,0.004809168,0.003314826,0,0,0,0,0,0,0.002329162,0,0,0,0,0,0,0,0,0,0,0,0.001813984,0.000594948,0.002818104,0,0,0,0,0,0.001312752,0,0.000247726,0
7b28c20e72c6c95b3e604f0849245770,0.033179205,0.33331596,0.521023281,0.487022563,0.540518565,0.554476114,0.086406619,0.244290966,0.248858312,0.037464877,0.001187384,0.020752059,0.012646084,0.248368559,0.257176891,0.294346675,0.30836703,0.383497003,0.576662939,0.046110211,0.000345264,0.023657289,0,0.000356706,0.008463924,0.412480828,0.438580275,0.38601315,0.696462143,0.232625483,0.307486793,0.160282409,0,0.003482046,0.177146476,0.013870542,0.005398111,0.302084734,0.233848954,0.345943897,0.055890195,0.234286185,0.201318288,0.011681383,0.007105848,0,0.0011456,0,0.060343551,0.215968089,0.144761124,0.268145836,0.163051264,0.13623933,0.013163518,0.00868943,0,0.022733731,0.013662579,0.000307996,0.011724764,0.065559015,0.005428289,0.000415734,0.001271995,0,0.00071087,0.028778817,0.003619571,0,0,0,0.001781003,0.035678872,0.018588101,0,6.56E-05,0,0.00485543,0.040654615,0.007650174,0.009172007,0.004954525,0.027740433
7c3d7711fd15460714ece118b35c0576,0,0,0,0,0.00641431,0.003532718,0.031146572,0.004288738,0.004388826,0,0,0,0,0,0,0,0.000870918,0,0.000692336,0.016531605,0,0,0,0,0,0,0,0,0.004557625,0.005791506,0.007711458,0.005507987,0,0,0.000678549,0,0,0,0,0,0,0,0,0,0,0,0,0,0,0,0,0,0,0,0,0,0,0,0,0,0,0,0,0,0,0,0,0,0,0,0,0,0,0,0,0.007331713,0,0,0,0,0,0.001675252,0.000813958,0.001155062
811f358e4e89eecbd75298ffce878cba,0.002436891,0.002658188,0.00283261,0.004129184,0.002439245,0.003613007,0.018853428,0.000891166,0.000652393,0,0,0.00037928,0.004796791,0.006330963,0.002620608,0.002959041,0.009766719,0.01530417,0.007668957,0.017098865,0,0,0,0,0,0.01131135,0.018670857,0.010041841,0.005583091,0.009073359,0.000971522,0.000650944,0,0,0,0,0.003334127,0.003295225,0.001592357,0.00212282,0.001974919,0.002883269,0.005474249,0.006898455,0.012928695,0,0,0,0.010513846,0.001646195,0.007791675,0.003121864,0.012943825,0.030993619,0.008291307,0.000664486,0.000980969,0,0,0,0.010579922,0.007833025,0,0,0,0,0.040939641,0.024672426,0.001913796,0,0,0,0.017051451,0.019597238,0.014489041,0,0,0,0,0.003145656,0,0,0,0.001211869
8212472385df0dc1b6527a764d613b7d,0.002499375,0.009069113,0.006196335,0.003318095,0,0,0,0,0,0,0,0,0.002616431,0.014220318,0.013936867,0,0,0,0,0,0,0,0,0,0.002430235,0.008435583,0.010074868,0.002630006,0.001139406,0,0,0,0,0,0,0,0,0.001681237,0,0.004548901,0.00799842,0.00922646,0.014746956,0.021615158,0.006711078,0,0,0,0,0.001962771,0.008714374,0.007247185,0.010948532,0.009612994,0.002649799,0,0,0,0,0,0,0,0,0,0,0,0,0,0,0,0,0,0,0,0,0,0,0,0,0,0,0,0,0
84977ba94188c5d008f9861e3e14d0a5,0.00099975,0,0.000619634,0,0,0,0.000768322,0,0,0,0,0,0,0,0,0,0,0,0.00031954,0,0,0,0,0,0,0,0.00175617,0,0.001082436,0,0,0,0,0,0,0,0,0.000739744,0.001137398,0.001137225,0.000394984,0,0.000502737,0,0,0,0,0,0,0,0,0,0.000665098,0,0,0,0,0,0,0,0,0,0,0,0,0,0,0,0,0,0,0,0,0,0,0,0,0,0,0,0,0,0,0
851bd80d021dcf4e9f3f11e95310927c,0,0,0,0,0,0,0,0,0,0,0,0,0,0,0,0,0,0,0,0,0,0,0,0,0.001592223,0,0.004159349,0,0.002449724,0.002895753,0,0,0,0,0,0,0.003413511,0.008406187,0.006596906,0.003790751,0.011355782,0.00741412,0.021896995,0.012049301,0.003947693,0,0,0,0.00192507,0.002722553,0.001332787,0,0.016166991,0.002486119,0.002136935,0,0,0,0,0,0,0.000900068,0.000614523,0,0,0,0.000807807,0.001260884,0,0,0,0,0,0.000937494,0.000939368,0,0,0,0.002136389,0.003265111,0.001471187,0,0,0.00020829
85781f76fdd51f1cea0eab36c8b76a12,0.002311922,0.000729699,0.001858901,0.000589883,0,0,0,0,0,0,0,0,0,0,0,0,0,0,0,0,0,0,0,0,0,0.001437883,0.00101673,0.001434549,0.000683644,0,0.00018216,0.000150218,0,0,0,0,0,0,0,0.001137225,0.000444357,0,0,0,0,0,0,0,0,0.001202988,0.00102522,0.013156428,0.00035813,0.000662965,0,0,0,0,0,0,0,0.000437871,0.000170701,0,0,0,0,0.00017039,0.00058246,0,0,0,0.000230871,0.000486776,0.00224879,0,0,0,0,0,0,0,0,0
85db0d60e8985f5dd02b1b3c10e2c371,0,0,0,0,0,0,0,0,0,0,0,0,0,0,0,0,0,0,0,0,0,0,0,0,0,0,0,0,0,0,0,0,0,0,0,0,0,0,0,0,0,0,0,0,0,0,0,0,0,0,0,0,0,0,0,0,0,0,0,0,0,0,0,0,0,0,0.003780535,0.002112832,0.0039108,0,0,0,0.001682058,0.00072115,0.005750071,0.002735147,0,0,0.001578015,0.001035279,0.004209859,0,0.0006724,0.011702108
86555947ddfc576c1bb9c42deb3998df,0,0.00078182,0.000708153,0.000516148,0.000813082,0,0,0,0,0,0,0,0,0.002337586,0.001191185,0.001168042,0.00155521,0,0,0.001215559,0,0,0,0,0,0,0.00083187,0,0,0,0,0,0,0,0,0,0,0,0,0,0,0,0,0,0,0,0,0,0,0,0,0,0,0,0,0,0,0,0,0,0,0.000389219,0,0,0,0,0,0.000272623,0,0,0,0,0,0.000126201,0,0,0,0,0,0,0,0,0,0
885af48524af5ccac2ffcff5abf6c1f9,0,0.001355155,0,0,0,0,0,0,0,0,0,0,0.000872144,0,0,0,0,0,0,0,0,0,0,0,0,0,0.00166374,0,0,0,0,0,0,0,0,0,0,0,0,0,0,0,0,0,0,0,0,0,0,0,0,0,0,0,0,0,0,0,0,0,0.002013343,0.000413545,0.003209177,0.000735529,0,0,0.001357115,0.00115865,0,0,0,0,0.002671504,0.00200119,0.008169656,0,0,0,0,0.003623477,0,0,0,0
898eb92ef2d1ef893f7d0c383527b44d,0,0,0,0,0,0.00080289,0.002836879,0,0,0,0,0,0.000784929,0.002337586,0,0,0.001306376,0,0.000426053,0.002188006,0,0,0,0,0,0.001246166,0,0.001075912,0.000740614,0,0,0,0,0,0,0,0,0.001075992,0.003184713,0,0.001728054,0.001070928,0.002569545,0.003403238,0.003849001,0,0,0,0.001406782,0.001646195,0.003690794,0.001226447,0.002455745,0.002983343,0,0,0,0,0,0,0,0,0,0,0,0,0.000807807,0.000732676,0.001206524,0,0,0,0.000461741,0.000378603,0.000540848,0,0,0,0,0,0,0,0,0.00020829
8c65d91e013525d1c8606fab40e0a88b,0.0019995,0.000469092,0,0,0,0,0,0,0,0,0,0,0.002703646,0.010032142,0.002620608,0.002725432,0,0,0,0,0,0,0,0,0.005866086,0.002492331,0.00129402,0,0,0,0,0,0,0,0,0,0.002540287,0.000336247,0.000568699,0,0.006369112,0.00090617,0.002178528,0.017568065,0.008931656,0,0,0,0.004146305,0.005001899,0.006151323,0.00345635,0.003581295,0.01814867,0.003419096,0.000255571,0,0,0,0,0.005211006,0.00240829,0.020176846,0,0,0,0.017060876,0.008672835,0.021883841,0,0,0,0.006761214,0.002956713,0.005465414,0,0,0,0.00723459,0.004579119,0.006224254,0,0,0
8da18b476b64f6f053647455b6890f80,0.002749313,0.003804858,0,0.001400973,0,0.001043758,0.002186761,0,0.000474468,0,0,0,0.00139543,0.007694555,0.002144133,0.002491824,0.002674961,0.003188369,0.001065133,0.001053485,0,0,0,0,0.002514037,0.001917178,0.00221832,0.002032277,0.001993961,0.004440154,0.000728642,0.001251815,0,0,0.001311861,0,0.005795031,0.005043712,0.019563239,0.010386657,0.015552483,0.014004448,0.009384426,0,0.00167777,0,0,0,0.008366652,0.012156515,0.020299364,0.008250641,0.015041441,0.011104666,0,0.000102229,0,0,0.000223977,0,0.00442146,0.005376083,0.005121027,0,0,0,0.002908104,0.004736833,0.002413047,0,0,0,0.009300792,0.006219915,0.019812126,0,0,0,0.002719041,0.005375488,0.002489702,0.00062822,0.000530842,0.000246161
8e6f1849d93723676dff6cb1962941a8,0.007060735,0.000208485,0,0,0,0,0,0,0,0,0,0,0.017268446,0.000876595,0.000714711,0,0.000497667,0,0,0,0,0,0,0,0.005782284,0.000766871,0,0,0,0,0,0,0,0,0,0,0.016194332,0,0,0.000227445,0.000296238,0,0,0,0,0,0,0,0.016215016,0.001076358,0.001742875,0,0.00035813,0,0,0,0,0,0,0,0.030752832,0.008733093,0.007783961,0,0,0,0.017771746,0.021366866,0.0185555,0,0,0,0.029056728,0.038166838,0.036606889,0,0,0,0.057002743,0.038265509,0.043185007,0,0,0.000170419
8e74f6f63a5f9a304aeb8284be71fd23,0.001374656,0.00192849,0,0.003023153,0.001084109,0.00080289,0,0,0,0,0,0,0,0,0,0,0.00192846,0.003570973,0.000905363,0,0,0,0,0,0,0,0,0,0.000968495,0,0,0,0,0,0,0,0,0.001210491,0,0.003335861,0.003653599,0,0.002401966,0.006254599,0.001628423,0,0,0,0,0.002026086,0,0,0,0,0,0,0,0,0,0,0.002526548,0.000729785,0.000580383,0,0,0,0.003101978,0.001141611,0.003245132,0,0,0,0.002143799,0.001153839,0.005009963,0,0,0,0.005268141,0.005893127,0.003870354,0,0,0
901c9973bde010c1a5c49023e63cc252,0.000624844,0.001615761,0.001504824,0.004129184,0.002890957,0.001926937,0.012293144,0,0,0,0,0,0,0.004967371,0,0.005450864,0.007589425,0.002550695,0.001491186,0,0,0,0,0,0.001508422,0.002204755,0.00175617,0,0.001253347,0,0,0.000650944,0,0,0,0,0.001508296,0.005581708,0.00466333,0.002653525,0.006566604,0.008649806,0.006647302,0.009841795,0.00784604,0,0,0,0.002665482,0.007977713,0.006766455,0.005686253,0.008083495,0.012596337,0.002136935,0,0,0,0,0,0,0.000243262,0,0,0,0,0.000581621,0,0.000499251,0,0,0,0,0.00043269,0,0,0,0,0.001092472,0,0.001493821,0,0,0
912487364b4fda5993a03f47d60111e9,0,0,0,0,0,0,0,0,0,0,0,0,0,0,0,0,0,0,0,0,0,0,0,0,0,0,0,0,0,0,0,0,0,0,0,0,0,0,0,0,0,0,0,0,0,0,0,0,0,0,0,0,0,0,0,0,0,0,0,0,0.000473728,0.000486523,0.000546243,0,0,0,0.000646245,0.000204468,0,0,0,0,0.001978892,0.000162259,0.001138628,0,0,0,0.001408075,0.000477821,0.001222217,0,0,0
91a093473cad95da81d9ebb47d5ef0c5,0.006248438,0.008495778,0.004514473,0.015484442,0.002077875,0,0,0,0,0,0,0,0.00279086,0.039836369,0.031328172,0.036520791,0.004852255,0,0,0,0,0,0,0,0.001005615,0.007860429,0.010814308,0,0.001424258,0,0,0,0,0,0,0,0.000714456,0.006186954,0.006369427,0.024336619,0.010467068,0.00461323,0.010389901,0.002023547,0.000394769,0,0,0,0,0,0,0,0,0,0,0,0,0,0,0,0.001815957,0.000778437,0.002594654,0,0,0,0,0,0,0,0,0,0.005244063,0.004579299,0.003074295,0,0,0,0.00220922,0.00406148,0,0,0,0
924668f542df9de35c2226e4a6cf09bd,0.007873032,0.014177004,0.004602992,0.011281522,0.005781913,0.004014452,0.001477541,0,0,0,0,0.000704378,0.003837432,0.063894029,0.075402025,0.062373462,0.025692068,0.019257748,0.007242904,0,0,0,0,0,0.002262633,0.008148006,0.010814308,0.003466826,0.002278813,0,0,0,0,0,0,0,0.005080575,0.003227976,0.012625114,0.013570887,0.062209934,0.013098278,0.017037203,0.007174393,0.005773501,0,0,0,0,0.034126884,0.070432643,0.055970565,0.070398035,0.117096213,0.008718694,0,0,0,0,0,0.001381706,0.001046025,0.00194599,0.001087304,0,0,0.002294171,0.001772053,0.001331336,0,0,0,0.001088391,0,0.001110162,0,0,0,0.00118958,0.001433463,0.010275678,0,0.001026294,0
958d78a02bef69a795806f97adb117ea,0.004936266,0.035494632,0.011418961,0.036425306,0.042099557,0.023364111,0.013297872,0.002005124,0.002194413,0,0,0,0.008110937,0.035745593,0.04109589,0.051082386,0.042861586,0.026782298,0.011876232,0.020097245,0,0,0,0,0.004190061,0.010832055,0.035215824,0.032755529,0.016749274,0.032335907,0.001578724,0.004756898,0,0,0.004614132,0,0.004842423,0.006455952,0.025136488,0.015314632,0.037079095,0.038388665,0.044240867,0.016924209,0.019047619,0,0,0,0.01206871,0.032480689,0.078634406,0.010926525,0.066970224,0.030579266,0.004102915,0,0,0,0,0,0.007303304,0.003746229,0.006964597,0,0,0,0.005525397,0.010087069,0.002038609,0,0,0,0.00451847,0.003407431,0.004099061,0,0,0,0.0141293,0.007525683,0.005002037,0,0.000601621,0
95fdd816723ca482a5caba10bea171c8,0,0,0,0.000147471,0,0,0,0,0,0,0,0,0,0,0,0,0,0,0,0,0,0,0,0,0,0,0,0.000597729,0,0,0,0,0,0,0,0,0,0,0,0,0,0,0,0,0,0,0,0,0,0,0,0,0,0,0,0,0,0,0,0,0,0,0,0.000383754,0,0,0,0,0,0,0,0,0,0,0,0,0,0,0.021412444,0.027753444,0.002376533,0.280856054,0.160385037,0.161027059
96aa8812056cf57226fffc3601021703,0,0,0,0,0,0,0,0,0,0,0,0,0,0,0,0,0,0,0,0,0,0,0,0,0,0,0,0,0,0,0,0,0,0,0,0,0,0,0,0,0,0,0,0,0,0,0,0,0,0,0,0,0,0,0,0,0,0,0,0,0,0,0,0,0.006487174,0.01087242,0,0,0,0.005948823,0.001973302,0,0,0,0,0.005508281,0.002778142,0.012251392,0,0,0,0.003099217,0,0.015337714
97d033725a3fcb0e6b0f9554365d4e0f,0.004248938,0,0,0.001179767,0.001716506,0.002729827,0.000177305,0.000724073,0.000415159,0,0,0,0.003226932,0.001558391,0.001429422,0.006774646,0.004914463,0.004336182,0.006124514,0,0,0,0,0,0.001508422,0.001821319,0.0009243,0,0.001880021,0,0.000850082,0.000400581,0,0,0,0,0,0,0,0.007202426,0.00133307,0,0,0.000183959,0,0,0,0,0,0.001772825,0.001435309,0.013490913,0.00189297,0.000911577,0.000854774,0,0,0,0,0,0.000631637,0.000535176,0,0,0,0,0,0.000255585,0.000956898,0,0,0,0,0.000126201,0.001451751,0.000797751,0,0,0.000121386,0.000477821,0.000294237,0,0,0
9908fffab7ed4f3bec44cda2f5084d49,0,0,0,0,0,0,0.003427896,0.012532026,0.020817271,0.016442918,0.011280148,0.027524924,0,0,0,0,0,0,0,0.003646677,0.004776154,0.052536232,0.010851694,0.028587444,0,0.00086273,0,0,0,0,0.000607201,0.00691002,0.006964772,0.064744287,0.043698543,0.017173052,0,0,0,0.00090978,0,0.000411896,0,0.000459897,0.000888231,0.048783878,0.085483607,0.00472956,0,0,0,0.000668971,0,0,0,0.004191372,0.007210124,0.055981813,0.015678369,0.010348651,0,0,0,0.050975376,0,0,0,0,0,0.003871004,0,0,0,0.000324517,0.000683177,0.02890898,0,0.014425882,0,0,0,0,0.006900945,0
9a13cbb8e1b12468bf22d6a05aafb0c0,0.351224694,0.023246117,0.008232274,0.007447279,0.028909567,0.04937776,0.021631206,0.069399577,0.043176561,0,0.000296846,0.000433463,0.264346764,0.009545145,0.030494342,0.029901884,0.050202177,0.00777962,0.022154764,0.005834684,0,0,0,0.000407664,0.535489818,0.02080138,0.005730659,0.010520024,0.010368598,0.066023166,0.059262857,0.044664764,0,0,0.009047317,0.000825627,0.202905454,0.020443847,0.00955414,0.004473086,0.000691221,0.004283714,0.010836778,0.001195732,0.000493462,0,0,0,0.229157412,0.080346967,0.094525323,0.08919612,0.042924384,0.039943648,0.029917087,0.006184829,0,0.008714597,0.005319447,0,0.359677865,0.547776588,0.165136049,0.003293892,0.00741997,0.052786386,0.018353367,0.028932168,0.029122982,0.005009535,0.000497471,0.001357046,0.000461741,0.001965132,0.002419584,0.245821304,0.000590629,0.374595598,0.182831201,0.087321813,0.32893486,0.006701009,0.019782709,0.270530761
9b4036adb487adfe4ca484346b5b9a7b,0,0,0,0,0,0,0,0,0,0,0,0,0,0,0,0,0,0,0,0,0,0,0,0,0,0,0,0,0,0,0,0,0,0,0,0,0,0,0,0,0,0,0,0,0,0,0,0,0,0,0,0,0,0,0,0,0,0,0,0,0.018949114,0.003794882,0.023044621,0,0,0,0.024589634,0.021213515,0,0,0,0,0.03060686,0.026538302,0.011528608,0,0,0,0,0.013498447,0.003462949,0,0,0
9e31424bebb25a100572229efc973274,0,0,0,0,0,0,0,0,0,0,0,0,0,0,0,0,0,0,0,0,0,0,0,0,0,0,0,0,0,0,0,0,0,0,0,0,0,0,0,0,0,0,0,0,0,0,0,0,0,0,0,0,0,0,0,0,0,0,0,0,0,0.000681133,0,0,0,0,0,0.004873145,0,0,0,0,0.008509235,0.004813673,0.001821805,0,0,0,0.001262412,0.001911285,0.000543208,0,0,0
9e3b0ce9bb690b78f97f20c102089c55,0,0,0,0,0,0,0,0,0,0,0,0,0.001133787,0,0,0,0,0,0,0,0,0,0,0,0,0,0,0,0,0,0,0,0,0,0,0,0.003095975,0,0.000796178,0,0.000789967,0.001400445,0.001005474,0.002759382,0.002615347,0,0,0,0,0.001772825,0,0,0.001279034,0.00132593,0,0,0,0,0,0,0.002921322,0.000729785,0.000819364,0,0,0,0.004943777,0.005060574,0.002870694,0,0,0,0.011345646,0.003551661,0.00873897,0,0,0,0.003471632,0.000955642,0.005681047,0,0.000318505,0.000473386
9f3ae9f6096976f00cd7c13a4717ff1c,0.001249688,0,0,0,0,0,0,0,0,0,0,0,0,0,0,0,0,0,0,0,0,0,0,0,0,0,0,0,0,0,0,0,0,0,0,0,0.016829404,0,0,0,0,0,0,0,0,0,0,0,0.008366652,0,0,0,0,0,0,0,0,0,0,0,0.002092298,0.002675878,0,0,0,0,0.013151092,0.010768628,0.005616575,0,0,0,0.01616095,0.009356915,0.025448335,0,0,0,0.010366342,0.003583659,0.004368295,0,0,0
a5a7486c3e60ff3d6cc20e9e6359e7ea,0.001062234,0.00078182,0,0.000442413,0,0.001043758,0.001891253,0,0,0,0,0,0,0.001168793,0,0,0.001866252,0,0,0.001620746,0,0,0,0,0,0,0,0,0,0.000965251,0,0,0,0,0,0,0.001349528,0.000672495,0,0.00090978,0.00217241,0.001894719,0.002457826,0.00156365,0.000986923,0,0,0,0.002147194,0,0,0,0.001432518,0.00124306,0,0,0,0,0,0,0.000671114,0.000681133,0.001024205,0,0,0,0.001389427,0.001124572,0.002745881,0,0,0,0.002011873,0.003064885,0.004298321,0,0,0,0,0,0,0,0,0
a728a1dce17d5afb4677e6cc919c2391,0,0.005316377,0.002301496,0,0,0,0.000650118,0,0.001660637,0,0,0,0.000523286,0.01042174,0.007504467,0,0.000497667,0,0.000532566,0.010372771,0,0,0,0,0.000586609,0.002779908,0.005083649,0,0,0.002702703,0.000850082,0.001752541,0,0,0.000995205,0,0,0.001075992,0.003753412,0.005458681,0.003604226,0.003377543,0.004971512,0.00303532,0.000986923,0,0,0,0,0.005761682,0.007791675,0.010257554,0.003837102,0.012762078,0.004017437,0,0,0.000378896,0,0,0,0.000973047,0,0,0,0,0.000646245,0.001857248,0,0,0,0,0.000626649,0.00043269,0.00019926,0,0,0,0.00016994,0.001672374,0.000226337,0,0.000176947,0
ab2842489206ced58fc69409494bf497,0,0,0,0,0,0,0,0,0,0,0,0,0,0,0,0,0,0,0,0,0,0,0,0,0,0,0,0,0,0,0,0,0,0,0,0,0,0,0,0,0,0,0,0,0,0,0,0,0,0,0,0,0,0,0,0,0,0,0,0,0.00102641,0,0,0,0,0,0.001033993,0.001022338,0,0,0,0,0.002572559,0.001748788,0.000853971,0,0,0,0,0,0,0,0,0
ab620840ec71573b9d4fd3816bc52d02,0,0,0,0.004792803,0.014545126,0.002408671,0.001122931,0.000278489,0,0,0,0,0,0,0,0,0.01163297,0,0.004313788,0,0,0,0,0,0,0,0,0,0.003247308,0,0,0.000450653,0,0,0,0,0,0,0,0.000682335,0.003061124,0,0.002234387,0,0.000888231,0,0,0,0,0,0,0,0.0022511,0,0,0,0,0,0,0,0.000671114,0,0,0,0,0,0,0,0,0,0,0,0.000692612,0,0.00039852,0,0,0,0.000825423,0.000597276,0.000339505,0,0,0
ac130fedaec2a466fa0514777712d1d7,0,0,0,0,0,0,0,0,0,0,0,0,0,0,0,0,0,0,0,0,0,0,0,0,0,0,0,0,0,0,0,0,0,0,0,0,0,0,0,0,0,0,0,0,0,0,0,0,0,0,0,0,0,0,0,0,0,0,0,0,0.007105918,0.004548993,0,0,0,0,0,0,0,0,0,0,0.012005277,0.007788415,0.00469684,0,0,0,0.005826516,0.007207135,0,0,0,0
ad967928a73ab98e764eee29f69d81ee,0,0,0,0,0,0,0,0,0,0,0,0,0,0,0,0,0,0,0,0,0,0,0,0,0.000838012,0,0,0,0,0,0,0,0,0,0,0,0.005556879,0.003900471,0.007051865,0.012433662,0.044830651,0.005684158,0.023181767,0.027685798,0.00848754,0,0,0,0.007107952,0.009307332,0.021632151,0.015051845,0.015911184,0.012762078,0,0,0,0,0,0,0.006434803,0.002213681,0.003414018,0,0,0,0.006010081,0.007326756,0,0,0,0,0.006398417,0.002397822,0.008055793,0,0,0,0.004952538,0.004101298,0.002738672,0,0.000353895,0
af140e3881d1c74ce8b17a5c8979dfa5,0.001874531,0.000416971,0,0,0,0,0.001359338,0,0,0,0,0,0,0,0,0,0.000311042,0.000510139,0,0.001296596,0,0,0,0,0.001927428,0,0,0,0.000341822,0,0,0,0,0,0,0,0.002619671,0,0,0,0.00083934,0.000329516,0,0,0,0,0,0,0.001184659,0,0.000410088,0,0.000818582,0,0,0,0,0,0,0,0.000473728,0.000924394,0.000785224,0,0,0,0.004329844,0.004191586,0.000915294,0,0,0,0.001154354,0.001063696,0.000910902,0,0,0,0.001917895,0.001075098,0.00117695,0,0,0
b0393e75df8338f8224463cb1b34efbd,0,0,0,0.001253502,0.000722739,0.001766359,0,0.005179904,0.000355851,0,0,0,0,0,0,0,0,0,0,0,0,0,0,0,0,0,0.00110916,0.001075912,0.000284852,0.001254826,0,0,0,0,0,0,0,0,0,0,0,0,0,0,0,0,0,0,0.000592329,0,0,0,0,0,0,0,0,0,0,0,0,0,0,0,0,0,0.002164922,0.000374857,0.003744383,0,0,0,0.001055409,0.000540862,0.010048392,0,0,0,0,0,0,0,0,0
b0f809cbabf3ac99182581ec095868b2,0.001562109,0.007349109,0.005576702,0.014820823,0.009214925,0.004897631,0.00070922,0,0,0,0,0,0.002180359,0.013928119,0.020607504,0.045008566,0.064696734,0.010712919,0.010278532,0.001134522,0,0,0,0,0,0.019746933,0.020889176,0.001434549,0.000683644,0,0,0,0,0,0,0,0,0.005043712,0.007051865,0.013495072,0.045423126,0.007578878,0.011395375,0.010853569,0.006415001,0,0,0,0,0.011649994,0.059052696,0.023636972,0.053258979,0.099444767,0.009317036,0,0,0,0,0,0.0038293,0.001240634,0.002697074,0,0,0,0.009208996,0.012472525,0.004992511,0,0,0,0.005112137,0.004903817,0.01058924,0,0,0,0.00220922,0.00226965,0.003576117,0,0.000353895,0
b1652dc664d4e8ce2d123d26687d1204,0.000812297,0,0,0,0,0,0,0,0,0,0,0,0.001831502,0,0.000595593,0.001323781,0,0,0,0.000243112,0,0,0,0,0.00276544,0,0,0,0,0,0,0,0,0,0,0,0.003413511,0,0,0,0,0,0,0,0,0,0,0,0.005923293,0,0.001230265,0,0.000306968,0,0,0,0,0,0,0,0,0,0,0,0,0,0,0,0,0,0,0,0,0,0,0,0,0,0,0,0,0,0,0
b2097d12843899152a99e4faeb92e3e6,0,0,0,0,0,0,0,0,0,0,0,0,0,0,0,0,0,0,0,0,0,0,0,0,0,0,0,0,0,0,0,0,0,0,0,0,0,0,0,0,0,0,0,0,0,0,0,0,0,0,0,0,0,0,0,0,0,0,0,0,0.00264498,0.001994746,0.006998737,0,0,0,0.003231227,0.003373716,0.002121817,0,0,0,0,0,0,0,0,0,0.004564104,0.003424385,0.002987642,0,0,0
b301115074f6e3de36efa48b692c7f8b,0,0,0,0,0,0,0,0,0,0,0,0,0,0,0,0,0,0,0,0,0,0,0,0,0,0,0,0,0,0,0,0,0,0,0,0,0,0,0,0,0,0,0,0,0,0,0,0,0,0,0,0,0,0,0,0,0,0,0,0,0.00102641,0.000997373,0.001194906,0,0,0,0,0,0,0,0,0,0,0,0,0,0,0,0.004078561,0.002548379,0.006201621,0,0,0
b310236a69032ef47e5c274f5256115a,0.039302674,0,0,0,0,0,0,0,0,0,0,0,0.028955172,0.004480374,0.002501489,0,0,0,0,0,0,0,0,0,0.020196095,0.003067485,0,0,0,0,0,0,0,0,0,0,0,0,0,0,0,0,0,0,0,0,0,0,0,0,0,0,0,0,0,0,0,0,0,0,0.005566302,0,0.023556724,0,0,0,0.023426393,0.045323655,0.019720419,0,0,0,0.0323219,0.035354355,0.023484202,0,0,0,0.045616761,0.034044756,0.001018514,0,0,0
b454c56ae7923cac07b03196d8b77304,0,0.000729699,0,0.00162218,0.000451712,0,0,0,0.000415159,0,0,0,0,0.002240187,0.002739726,0,0.000808709,0,0,0,0,0,0,0,0,0,0,0,0,0,0,0,0,0,0,0,0,0.001479489,0,0,0.00133307,0,0,0,0,0,0,0,0.001999112,0.002532607,0,0.001003456,0,0,0,0,0,0,0,0,0,0,0.000341402,0,0,0,0.000549309,0.000204468,0,0,0,0,0.000395778,0,0.001451751,0,0,0,0,0,0,0,0,0
b65410081c87ed629211d7fb136ec45f,0,0,0,0,0,0,0.000650118,0,0,0,0,0,0,0,0.000595593,0.000700825,0,0,0.000692336,0,0,0,0,0,0,0.000383436,0.00055458,0,0,0,0,0,0,0,0,0,0.000873224,0.000537996,0,0.00136467,0.008739015,0.000741412,0.001228913,0.002299485,0.001184308,0,0,0,0.001184659,0.001392934,0.001127742,0,0.000818582,0.000994448,0.001196683,0,0,0,0,0,0.000197387,0.001654179,0,0,0,0,0,0.000749715,0,0,0,0,0.000824538,0.001983161,0,0,0,0,0,0.000199092,0,0,0,0
b73dacf77bae01c1ac830493658b9900,0,0,0,0,0,0,0,0,0,0.039234051,0.038070501,0,0,0,0,0,0,0,0,0.023338736,0,0.03026428,0.041324126,0,0,0,0,0,0,0,0,0,0.041384879,0.030794342,0,0,0,0,0,0,0,0,0,0,0,0.031827658,0,0,0,0,0,0,0,0,0.029318745,0,0,0.033532253,0,0,0,0,0,0,0,0,0,0,0,0,0,0,0,0,0,0,0,0,0,0,0,0,0,0
b8455681fc92d051fdd023aa62417fb3,0.002124469,0,0,0,0,0,0,0,0,0,0,0,0.005145648,0,0,0,0,0,0,0,0,0,0,0,0.001927428,0,0,0,0,0,0,0,0,0,0,0,0.011748829,0,0,0,0,0,0,0,0,0,0,0,0.000962535,0,0,0,0,0,0,0,0,0,0,0,0,0,0,0,0,0,0,0,0,0,0,0,0,0,0,0,0,0,0,0.000637095,0,0,0,0
b99156ca841e99c7dc23bb92689252ea,0,0,0,0,0.001264794,0,0,0,0,0,0,0,0,0,0.002739726,0,0.000746501,0,0,0,0,0,0,0,0,0,0,0,0,0,0,0,0,0,0,0,0,0,0,0,0.002369902,0,0.001173053,0,0.000493462,0,0,0,0,0.001646195,0,0,0.002148777,0,0,0,0,0,0,0,0.000671114,0.000243262,0.000341402,0,0,0,0.000581621,0.001448312,0,0,0,0,0.000362797,0.000306489,0,0,0,0,0.000631206,0,0.000203703,0,0,0
b9ed1a2c86edb972db7742981e6901da,0,0,0,0,0,0,0,0,0,0,0,0,0,0,0,0,0,0,0,0,0,0,0,0,0,0,0,0,0,0,0,0,0,0,0,0,0,0,0,0,0,0,0,0,0,0,0,0,0,0,0,0,0,0,0,0,0,0,0,0,0.008290237,0.001678505,0.002219112,0,0,0,0.000969368,0.001703897,0.001747379,0,0,0,0.003034301,0.00142427,0.002220325,0,0,0,0.001845063,0.001353827,0.002195464,0,0,0
bf34422106e5974ddf75216e2c05273c,0.007935516,0,0,0,0,0,0,0,0,0,0,0,0.009331938,0.011493133,0,0,0,0,0,0,0,0,0,0,0.006368893,0,0,0,0,0,0,0,0,0,0,0,0.005715647,0,0,0,0,0,0,0,0,0,0,0,0.009181105,0,0,0,0,0,0,0,0,0,0,0,0.0153172,0.004840907,0.009627531,0,0,0,0.002520357,0.00644073,0.002288234,0,0,0,0,0,0.002334187,0,0,0,0.047631764,0.02026758,0.003055543,0,0,0
bfa3561ca0d31bca54be08e2d9f7937f,0.001874531,0.001459397,0.003275206,0.003465566,0.004336435,0.005138499,0.008687943,0,0,0,0,0.00037928,0.002354788,0.008278952,0.006075045,0.003426258,0.003732504,0.004463716,0.003301912,0.00923825,0,0,0,0,0.00276544,0.006710123,0.007856549,0.003227735,0.003760041,0.00511583,0.003400328,0,0,0,0,0,0.006430102,0.019502354,0.019563239,0.021076573,0.036782858,0.015899168,0.020668082,0.01977557,0.014557118,0,0,0,0.004664594,0.012916297,0.026348165,0.020626603,0.019594802,0.014585232,0.003419096,0.001789,0,0,0,0,0.005408393,0.004281405,0.005872111,0,0,0,0.01069536,0.00925216,0.02021967,0,0,0,0.004848285,0.007752357,0.00569314,0,0,0,0.00621495,0.002070558,0.010117242,0.001675252,0.000813958,0.000776353
c1fb523690f4db6515ed0ab146d1ab8c,0,0,0,0,0,0,0,0,0,0,0,0,0.000784929,0,0,0,0,0,0,0,0,0,0,0,0,0,0,0,0,0,0,0,0,0,0,0,0,0.00134499,0.005573248,0.005458681,0.000592476,0,0,0,0,0,0,0,0,0.001266304,0.003485749,0.003344854,0.003069682,0.002320378,0.000598342,0,0,0,0,0,0.000552682,0.000340566,0,0,0,0,0.000775494,0.001550546,0.000540855,0,0,0,0.000725594,0.000703121,0,0,0,0,0.000922532,0.000676913,0.000407406,0,0,0
c2cd6f99655915682fbe061583f8b578,0,0.002293339,0.001681862,0,0.00189719,0,0,0,0,0,0,0,0,0.002337586,0,0.00303691,0.003234837,0,0,0.000567261,0,0,0,0,0,0.001342025,0.003142619,0,0,0.001158301,0,0,0,0,0,0,0.0019846,0.004169469,0.016264786,0.006899166,0.00883776,0.008979323,0.01228913,0.002759382,0.001283,0,0,0,0.000888494,0.003482335,0.005638712,0.00367934,0.007827689,0.005055109,0.001196683,0,0,0,0,0,0,0,0,0,0,0,0,0,0,0,0,0,0,0,0,0,0,0,0,0,0,0,0,0
c3ff4c29778c6c86865687a4061a3382,0.001624594,0,0,0,0,0,0,0,0,0,0,0,0.004709576,0,0,0,0,0,0,0,0,0,0,0,0.002346434,0,0,0,0,0,0,0,0,0,0,0,0,0,0,0,0.000543103,0,0,0,0,0,0,0,0.00192507,0.000253261,0,0,0,0,0,0,0,0,0,0,0.001697525,0.000851416,0.000580383,0,0,0,0.002940416,0.002198027,0.001414545,0,0,0,0.002572559,0.002127391,0.001679476,0,0,0,0,0.001194553,0,0,0,0
c67805e12dc927c5b3ba6b192381ecf7,0,0,0,0,0,0,0,0,0,0,0,0,0,0,0,0,0,0,0,0,0,0,0,0,0,0,0,0,0,0,0,0,0,0,0,0,0,0.00268998,0.007620564,0.00288097,0.003061124,0,0.001619931,0,0,0,0,0,0,0,0.005946278,0,0,0,0,0,0,0,0,0,0,0,0,0,0,0,0,0,0,0,0,0,0,0,0,0,0,0,0,0,0,0,0.0006724,0
c6c4b5ce7a8a576fe5abae3399a653c6,0,0,0,0,0,0,0,0,0,0,0,0,0,0,0,0,0,0,0,0,0,0,0,0,0,0,0,0,0,0,0,0,0,0,0,0,0.000873224,0,0,0.00272934,0.00049373,0,0,0,0,0,0,0,0,0.002659238,0,0.003567845,0.000255807,0.000745836,0.000256432,0,0,0,0,0,0.006750622,0.003138075,0,0,0,0,0,0.001260884,0,0,0,0,0.000593668,0.002451908,0,0,0,0,0,0.001314008,0,0,0,0
c7205100c08de2585db74f670a36edf9,0.000374906,0,0,0,0,0,0,0,0,0,0,0,0.000784929,0,0,0,0,0,0,0,0,0,0,0,0,0,0,0,0,0,0,0,0,0,0,0,0,0,0,0,0,0,0,0,0,0,0,0,0,0,0,0,0,0,0,0,0,0,0,0,0.001737002,0.004354384,0,0,0,0,0.000678558,0.002283222,0.001913796,0,0,0,0.001220317,0.002902627,0.002391119,0,0,0,0,0,0,0,0,0
c75ae6008025d80134bd14e9712f9d5c,0.013621595,0.038257062,0.019385678,0,0,0,0,0,0,0,0,0,0.013343799,0.084834908,0.070875521,0.012848466,0,0,0,0,0,0,0,0,0.006787899,0.024635736,0.044181532,0.00980275,0,0,0,0,0,0,0,0,0.002699055,0.00134499,0.004208371,0.002653525,0.003357362,0.004283714,0.001452352,0,0,0,0,0,0.003257811,0.022286944,0.014148042,0.011929981,0.025478359,0.029750559,0.008889649,0,0,0,0,0,0.003513482,0,0.001570448,0,0,0,0.000969368,0.001601663,0,0,0,0,0.000626649,0.000973552,0.00185027,0,0,0,0.003253138,0.002628016,0.001901227,0,0,0
c8e34bb10306cd8cc72e42eb1313b7c8,0.001812047,0,0,0,0,0,0,0,0,0,0,0,0,0,0,0,0,0,0,0,0,0,0,0,0,0,0,0,0,0,0,0,0,0,0,0,0,0,0,0,0,0,0,0,0,0,0,0,0,0,0,0,0,0,0,0,0,0,0,0,0.00102641,0.002724531,0,0,0,0,0,0.001874286,0,0,0,0,0,0,0,0,0,0,0.001845063,0.003981843,0,0,0,0
cbdc0f4fcc7b1e56aacc302c2b9b870c,0.008185454,0.003961222,0.005311145,0.001400973,0,0,0,0,0,0,0,0,0.010029653,0.00857115,0.005955926,0.003581997,0.004105754,0,0.000905363,0,0,0,0,0,0.002095031,0.009969325,0.013587208,0,0.002278813,0.000965251,0.000485761,0,0,0,0,0,0.005715647,0.003429724,0.002957234,0.015996967,0.009775847,0.006096054,0.009775444,0.01986755,0.002615347,0,0,0,0.00318377,0.013169558,0.009226984,0.011595496,0.006497493,0.006961134,0.003846483,0,0,0,0,0,0,0,0,0,0,0,0,0,0,0,0,0,0,0,0,0,0,0,0,0,0,0,0,0
cc246b85b65b580177f5f8655c0b7f71,0,0,0,0,0,0,0,0,0,0,0,0,0,0.002240187,0.002739726,0.003426258,0.002488336,0.002295626,0.017042126,0,0,0,0,0,0,0,0,0,0,0,0,0,0,0,0,0,0,0.001479489,0,0.001743745,0,0.002388994,0.000614456,0.000459897,0,0,0,0,0,0.005635051,0.000410088,0.004571301,0.004706845,0.003977791,0.00230789,0.002402372,0,0.001136687,0.00067193,0,0,0.000145957,0,0,0,0,0,0,0.000332834,0,0,0,0,0,0,0,0,0,0,0.000119455,0,0,0,0.000359774
cc82a5a0b284dea47583c8afa5a99755,0.002186953,0.00192849,0,0.001253502,0,0,0.00212766,0,0,0,0,0,0.004447933,0,0.001429422,0.001401651,0.00273717,0.002168091,0.001171646,0.054700162,0,0,0,0,0.001257018,0,0,0,0,0.008108108,0.001214403,0,0,0,0,0,0.021751211,0.001546738,0,0,0,0.001565203,0.002625405,0.008922001,0.058573896,0,0,0,0.0037761,0.003039129,0.008201763,0.005017282,0.010436918,0.012844949,0.005470553,0,0,0,0,0,0.000829024,0.000486523,0.000751084,0,0,0,0.00100168,0.000920104,0,0,0,0,0.001418206,0.001171868,0.001622545,0.000151953,0,0,0,0.002468743,0,0,0,0
cd8d2ddb88bbe44dfa61a34dfd244b0b,0.001812047,0.000938184,0,0.000663619,0,0,0.000295508,0,0,0,0,0,0.001569859,0.00175319,0.002739726,0.002102476,0.000622084,0,0.000372797,0.00178282,0,0,0,0,0,0,0,0,0,0,0,0,0,0,0,0,0,0,0,0,0,0,0,0,0,0,0,0,0.00318377,0.001329619,0,0.000445981,0.00035813,0,0,0,0,0,0,0,0.001855434,0.000535176,0.001604588,0,0,0,0.002520357,0.001942442,0.000624064,0,0,0,0.002572559,0.000558891,0.001736408,0,0,0,0,0,0,0,0,0
ce40f273a2b6e2ca6c9a07d963892f67,0.001749563,0,0,0,0,0,0,0,0,0,0,0,0.001744287,0,0,0,0,0,0,0,0,0,0,0,0,0,0,0,0,0,0,0,0,0,0,0,0,0,0,0,0,0,0,0,0,0,0,0,0.0025174,0,0.001640353,0.001560932,0.000562775,0,0,0,0,0,0,0,0.004658324,0.002335312,0.005155167,0,0,0,0.006882513,0.005588782,0.006864703,0,0,0,0.00323219,0.007301639,0.002960433,0,0,0,0.002840426,0.005256032,0.000271604,0,0,0
ce72009c0c36b5ff547b9a0c89f669ce,0,0,0,0,0,0,0,0,0,0,0,0,0,0,0,0,0,0,0,0,0,0,0,0,0,0,0,0,0,0,0,0,0,0,0,0,0,0,0,0,0,0,0,0,0,0,0,0,0,0,0,0,0,0,0,0,0,0,0,0,0.007145395,0.000462197,0.024478509,0,0,0,0,0,0,0,0,0,0.000197889,0.000360575,0.005351551,0,0,0,0.006918987,0.08688381,0.000113168,0,0,0
ce78414357068359ddae6a47b6592a08,0.004748813,0.007557594,0.001239267,0.005087745,0.002529587,0,0,0.000501281,0.000711702,0,0,0,0.003924647,0.00516217,0.003454437,0.00147952,0.001368585,0,0.00047931,0.000324149,0,0,0,0,0.000838012,0.002492331,0.007579259,0.000717274,0.000569703,0.001351351,0.00018216,0,0,0,0,0,0.002699055,0,0,0,0,0,0,0,0,0,0,0,0,0,0,0,0,0,0,0,0,0,0,0,0.003868777,0.002675878,0.002150831,0,0,0,0.0034251,0.006832626,0.001289732,0,0,0,0.001220317,0.004272811,0.00469684,0,0,0,0.002063558,0.00330493,0.000588475,0,0.000778568,0.000378709
cfb47b9196eb1274f3473344b8f3860c,0,0,0,0,0,0,0,0,0,0,0,0,0,0,0,0,0,0,0,0,0,0,0,0,0,0,0,0,0,0,0,0,0,0,0,0,0,0,0,0,0,0,0,0,0,0,0,0,0,0,0,0,0,0,0,0,0,0,0,0,0,0,0,0,0,0,0,0,0,0,0,0,0.011741425,0.019453008,0.007287219,0,0,0,0.021995096,0.013259537,0.013602825,0,0,0
cfdf39cd6545fb6a7ddb747c3393c225,0.038302924,0.002293339,0.001681862,0,0,0.000722601,0,0,0,0,0,0,0.03689168,0.01548651,0.007980941,0.004827908,0.001244168,0,0,0,0,0,0,0,0.017263052,0.005847393,0.004713929,0.00167364,0.000626674,0,0,0,0,0,0,0,0.042311662,0.000806994,0,0.00075815,0.002863632,0,0,0,0.000394769,0,0,0,0.062120539,0.015195644,0.009124462,0.001783922,0.002302261,0,0,0,0,0,0,0,0.033674154,0.003259706,0.090642177,0,0,0,0.045107923,0.008740991,0.010109835,0,0,0,0.067051451,0.015324427,0.032792485,0,0,0,0.001408075,0.071195349,0.021728306,0,0.001238631,0.000454451
d040358e75e20b678a107f8ce18f4259,0,0,0,0,0,0,0,0,0,0,0,0,0,0,0,0,0,0,0,0,0,0,0,0,0,0,0,0,0,0,0,0,0,0,0,0,0,0,0,0,0,0,0,0,0,0,0,0,0,0,0,0,0,0,0,0,0,0,0,0,0.00118432,0.000291914,0.000375542,0,0,0,0.001260178,0.001363117,0.000499251,0,0,0,0.001154354,0.001207925,0.000939368,0,0,0,0,0,0,0,0,0
d084b32d5ad7ee012fef1f2de8889355,0.004186453,0.000312728,0.001062229,0.001253502,0,0,0,0,0,0,0,0,0.001133787,0.001266193,0.004764741,0.005295125,0,0,0,0,0,0,0,0,0.002681639,0.000671012,0,0.000956366,0,0,0,0,0,0,0,0,0,0,0,0.00090978,0,0,0,0,0,0,0,0,0.000444247,0,0,0,0.000306968,0,0,0,0,0,0,0,0,0,0,0,0,0,0,0,0,0,0,0,0,0,0,0,0,0,0,0,0,0,0,0
d3d5f57b1c8aafeca61afdb1627d2990,0,0,0,0,0,0,0,0,0,0,0,0,0,0,0,0,0,0,0,0,0,0,0,0,0,0,0,0,0,0,0,0,0,0,0,0,0,0,0,0,0,0,0,0,0,0,0,0,0,0,0,0,0,0,0,0,0,0,0,0,0,0,0,0,0,0,0.020195166,0.038899964,0.003453154,0,0,0,0.004386544,0.003245173,0.001793339,0,0,0,0,0,0,0,0.001026294,0
d6443ae1b639b169177263669b3256d9,0,0,0,0,0,0,0,0,0,0,0,0,0,0,0,0,0,0,0,0,0,0,0,0,0,0,0,0,0,0,0,0,0,0,0,0,0,0,0,0,0,0,0,0,0,0,0,0,0,0,0,0,0,0,0,0,0,0,0,0,0.002763412,0.000389219,0.002936055,0,0,0,0.002649606,0.001056416,0,0,0,0,0.00085752,0,0.00039852,0,0,0,0.000631206,0.002428924,0,0,0,0
d92d53b67f4b4a2516ca359494db4c24,0,0.00312728,0,0.001990857,0,0,0,0,0,0,0,0,0,0,0,0.001713129,0.001493002,0.001402882,0.00047931,0,0,0,0,0,0,0,0.00101673,0,0.000341822,0,0,0,0,0,0,0,0,0.000739744,0.005573248,0.00106141,0.004394194,0.003130406,0.001340632,0,0,0,0,0,0.000814453,0,0.002563051,0,0.003888264,0.002320378,0,0,0,0,0,0,0.000829024,0,0.000341402,0,0,0,0.000678558,0.000272623,0.000416043,0,0,0,0,0,0.000825505,0,0,0,0.00186934,0.000955642,0.006835363,0,0,0
d9f870f2673aa7deb1fecc0906beaada,0,0,0,0,0,0,0,0,0,0,0,0,0,0,0,0,0,0,0,0,0,0,0,0,0,0,0,0,0,0,0,0,0,0,0,0,0,0,0,0,0,0,0,0,0,0,0,0,0,0,0,0,0,0,0,0,0,0,0,0,0,0,0,0.01096898,0.016578334,0.01045223,0,0,0,0.016964108,0.015620595,0,0,0,0,0.00778757,0.019600123,0.011058075,0,0,0,0.012145579,0.014085005,0.005434474
daae43be6cf06991f62a085ba8bff3b6,0.068545364,0.295058897,0.214835797,0.224819348,0.180594453,0.190285026,0.04178487,0.081040437,0.076389301,0.01269643,0,0.00037928,0.032967033,0.118535112,0.166885051,0.175050615,0.174494557,0.145262084,0.034829845,0.002998379,0,0,0,0,0.101650884,0.184240798,0.06118865,0.277585176,0.091950094,0.068243243,0.03011719,0.035501477,0,0,0.039582014,0.008091149,0.044851949,0.373570948,0.332233849,0.081046247,0.031796188,0.275970014,0.065858563,0.033388521,0.000690846,0,0.000490972,0,0.033836813,0.075345068,0.026245643,0.017393243,0.0045022,0.005800945,0.001709548,0,0,0,0.005431435,0,0,0.028948137,0,0,0,0,0,0.052803762,0,0,0,0,0,0.044909586,0.04560205,0.040077496,0,0,0.055958826,0.05244087,0.079263048,0,0,0.022457443
daf471369c8df7afa7849741660d855b,0,0.005368498,0.011064884,0.01179767,0.024753817,0.009875552,0.036761229,0.000668375,0,0,0,0.001246207,0,0.003214181,0.010720667,0.053885688,0.049455677,0.03621987,0.018373542,0.029335494,0,0,0,0,0,0.008052147,0.029300305,0.018529588,0.010596479,0.016602317,0.001518004,0,0,0,0,0,0,0,0,0,0,0,0.005083231,0.050956586,0.025413274,0,0,0,0,0,0,0,0,0,0,0,0.000784775,0,0,0,0,0,0,0,0,0,0,0,0,0,0,0,0,0,0,0,0,0,0,0,0,0,0.001557136,0
deb6cb498b1f0a2e2098d8698813c54b,0,0.001250912,0.002301496,0.003244359,0.001355136,0.001364914,0,0.000668375,0,0,0,0,0,0.006525762,0.000714711,0.002413954,0.001306376,0.003060834,0.003781222,0,0,0,0,0,0,0.003738497,0.003789629,0.003945009,0.002791546,0.001447876,0.000303601,0,0,0,0,0,0,0.001950235,0,0.004397271,0.000740594,0.001318066,0.001061334,0,0,0,0,0,0,0.001962771,0.001537831,0.004682796,0.001739486,0,0,0,0,0,0,0,0.001776479,0.000437871,0,0,0,0,0,0.00066452,0.001123315,0,0,0,0,0.000649035,0.001992599,0,0,0,0.000704037,0.001552919,0,0,0,0.000132548
df1e3080300aed496c300246714bd838,0,0,0,0,0,0,0,0,0,0,0,0,0,0,0,0,0,0,0,0,0,0,0,0,0,0,0,0,0,0,0,0,0,0,0,0,0,0,0,0,0,0,0,0,0,0,0,0,0,0,0,0,0,0,0,0,0,0,0,0,0.021436185,0.013111803,0.007032877,0,0,0,0,0,0,0,0,0,0.028792876,0.021724629,0.010532309,0,0,0,0.026534923,0.022577049,0,0,0,0
e238c6f976254aa34d2106b20782549a,0.001124719,0,0,0,0,0,0,0,0,0,0,0,0.001046572,0,0,0,0,0,0,0,0,0,0,0,0.000921813,0,0,0,0,0,0,0,0,0,0,0,0,0,0,0,0,0,0,0,0,0,0,0,0.001999112,0.000443206,0,0,0,0,0,0,0,0,0,0,0.002289685,0.000267588,0.000853504,0,0,0,0,0.00049413,0,0,0,0,0.001154354,0.000685092,0.000910902,0,0,0,0.000631206,0.000597276,0.000882712,0,0,0
e36be349dea51383ef7c2f26dd242def,0.002624344,0,0,0,0,0,0,0,0,0,0,0,0.005930577,0,0,0,0,0,0,0,0,0,0,0,0.008799128,0,0,0,0,0,0,0,0,0,0,0,0.005556879,0,0,0,0,0,0,0,0,0,0,0,0.003331853,0,0,0,0,0,0,0,0,0,0,0,0.004145119,0.00437871,0.003038476,0,0,0,0.012666408,0.01238733,0.00927775,0,0,0,0.006563325,0.017037157,0.007514944,0,0,0,0.016896895,0.005216214,0.02342583,0,0,0.004222605
e5ee1d85ad16f8c94333754ffe9430ff,0.000499875,0.001094548,0.000619634,0.001106032,0.004065408,0.002167804,0.000945626,0,0.001779254,0,0,0,0,0.008765949,0.005717689,0.008020558,0.020902022,0.013901288,0.004793098,0.006888169,0,0,0,0,0,0,0,0,0,0.000772201,0,0,0,0,0.001176151,0,0.001349528,0.025487559,0.051637853,0.026611069,0.022612817,0.039130077,0.034633002,0.00919794,0.001283,0,0,0,0,0.029758136,0.02409268,0.028542758,0.038831474,0.016242645,0.004444824,0,0,0,0,0,0.000947456,0.000364892,0.000648663,0,0,0,0.001744862,0.003049975,0.00224663,0,0,0,0.001022427,0.000667063,0.002504981,0,0,0,0.002840426,0.002428924,0.001969128,0,0.000318505,0.000302967
e6241ffe2fa3e3a874f232d6aafd0177,0,0,0,0,0,0,0,0,0,0,0,0,0,0,0,0,0,0,0,0,0,0,0,0,0,0,0,0,0,0,0,0,0,0,0,0,0,0,0,0,0,0,0,0,0,0,0,0,0,0,0,0,0,0,0,0,0,0,0,0,0,0.014328111,0.000409682,0,0,0,0.001550989,0.007667536,0.002496256,0,0,0,0.000659631,0.002722339,0.003871335,0,0,0,0.000704037,0,0.000633742,0,0,0
e9c6d3d5afd5747c2901ce47079bde79,0,0,0,0,0,0,0,0,0,0,0,0,0,0,0,0,0,0,0,0,0,0,0,0,0,0,0,0,0,0,0,0,0,0,0,0,0,0,0,0,0,0,0,0,0,0,0,0,0,0,0,0,0,0,0,0,0,0,0,0,0.003316095,0.001386591,0.004404083,0,0,0,0.008918185,0.009609978,0.005824596,0,0,0,0.001583113,0.000937494,0.001793339,0,0,0,0,0,0,0,0,0
ebc4cebda1feae3f47fdb85cb7ec8152,0,0,0,0,0,0,0,0.000556979,0,0,0,0,0,0.00165579,0,0,0.002363919,0,0.000905363,0,0,0,0,0,0,0,0,0,0.001082436,0,0,0,0,0,0,0,0,0,0,0,0,0,0,0,0,0,0,0,0,0,0,0,0,0,0,0,0,0,0,0,0.00059216,0.000364892,0.001160766,0,0,0,0,0.000425974,0.000707272,0,0,0,0.000626649,0.000540862,0.000512383,0,0,0,0.000655483,0.001353827,0.000430039,0,0.000106168,0.000473386
ec494ccbf94de2be48f3c7e4cf844046,0.001624594,0,0,0,0,0,0,0,0,0,0,0,0.002878074,0,0,0,0,0,0,0,0,0,0,0,0.000502807,0,0,0,0,0,0,0,0,0,0,0,0.001667064,0,0,0,0,0,0,0,0,0,0,0,0.0025174,0,0,0,0,0,0,0,0,0,0,0,0.000473728,0.000340566,0.000853504,0,0,0,0.001486364,0.002913664,0.000998502,0,0,0,0.000659631,0.000414661,0.004839169,0,0,0,0.000534097,0.000438003,0.000181069,0,0,0
ecb3759e804e8c86d9fb0de817207fe9,0.009185204,0.007349109,0,0.002875682,0,0,0,0.000445583,0,0,0,0,0.011512297,0.011103536,0.006551519,0.009733686,0,0.004846321,0,0.012884927,0,0,0,0,0.00754211,0.002396472,0.004806359,0.003466826,0,0.001737452,0,0,0,0,0,0,0.034690799,0.006388702,0.01421747,0.005231236,0.008788387,0.009473597,0.016311027,0.01066961,0.03459166,0,0,0,0.007256034,0.013612764,0.025425466,0.006912699,0.011511307,0.007292616,0.002649799,0,0,0,0,0,0.012711697,0.005059842,0.013621932,0,0,0,0.011050795,0.014466084,0.007405558,0,0,0,0.010026385,0.007175438,0.017477939,0,0,0,0.00655483,0.009158238,0.005409443,0,0,0
ee0cbf5dda05dd1c396eed829cd82b77,0,0,0,0,0,0,0,0,0,0,0,0,0,0,0,0,0,0,0,0,0,0,0,0,0,0,0,0,0,0,0,0,0,0,0,0,0,0,0,0,0,0,0,0,0,0,0,0,0,0,0,0,0,0,0,0,0,0,0,0,0.000315819,0.000924394,0.005462429,0,0,0,0.012440222,0.005230963,0.006656682,0,0,0,0.001846966,0.003353345,0.003558212,0,0,0,0.002694763,0.00075655,0.001991761,0,0,0
ee766857ab5fc018ac26632146bc90e1,0,0,0,0,0.002168218,0,0,0,0,0,0,0,0,0.001266193,0.003335319,0,0.002550544,0,0,0,0,0,0,0,0,0,0,0,0,0,0,0,0,0,0,0,0,0.000806994,0,0,0,0,0,0,0,0,0,0,0,0.001076358,0,0,0.001534841,0,0,0,0,0,0,0,0.000552682,0.002773183,0.000716944,0,0,0,0.000355435,0.002555845,0,0,0,0,0.001682058,0.002091334,0.004241389,0,0,0,0.000436989,0.004380027,0.00024897,0,0,0.000302967
ef3a40c4f26b5019887d73ceaaab84f2,0,0,0,0,0,0,0,0,0,0,0,0,0,0,0,0,0,0,0,0,0,0,0,0,0,0,0,0,0,0,0,0,0,0,0,0,0.009446694,0,0,0,0,0,0,0,0,0,0,0,0.009255146,0,0,0,0,0,0,0,0,0,0,0,0.08396826,0.016979663,0.106619781,0,0,0,0.11280212,0.092913493,0,0,0,0,0.150758575,0.116285359,0.044264162,0,0,0,0,0.06080274,0.0141913,0,0,0
f09ce8241752e0e74e9f4534ac80d6c4,0,0,0,0,0,0,0,0,0,0,0,0,0,0,0,0,0,0,0,0,0,0,0,0,0,0,0,0,0,0,0,0,0,0,0,0,0,0,0,0,0,0,0,0,0,0,0,0,0,0,0,0,0,0,0,0,0,0,0,0,0,0.003575946,0,0,0,0,0,0.000596364,0,0,0,0,0,0,0,0.002089348,0,0,0.001675123,0,0.003825087,0,0,0.000927837
f09f257605135a6049b847768387fb33,0,0,0,0,0,0,0,0,0,0,0,0,0,0,0,0,0,0,0,0,0,0,0,0,0,0,0,0,0,0,0,0,0,0,0,0,0,0,0,0,0,0,0,0,0,0,0,0,0.03746483,0,0,0,0,0,0,0,0,0,0,0,0.007579645,0.000559502,0.031545526,0,0,0,0.000355435,0.000477091,0.000249626,0,0,0,0.000725594,0.000468747,0.001622545,0,0,0,0.003277415,0.000318547,0.006563759,0,0,0
f0b141d26592690299c55f34b7d30adb,0,0,0,0,0,0,0,0,0,0,0,0,0,0,0,0,0,0,0,0,0,0,0,0,0,0,0,0,0,0,0,0,0,0,0,0,0,0,0,0,0,0,0,0,0,0,0,0,0,0,0,0,0,0,0,0,0,0,0,0,0,0,0.005530709,0,0,0,0.005169963,0.002453611,0.006365452,0,0,0,0,0.001262012,0,0,0,0,0.002063558,0,0.001855959,0,0,0
f0ea1e3d7fabfb8497741de9a3402b6e,0,0.00234546,0,0,0,0,0.003250591,0,0,0,0,0,0,0.008376351,0.0032162,0,0.001368585,0,0,0,0,0,0,0,0,0,0,0,0,0.000965251,0,0,0,0,0,0,0,0,0.001137398,0,0.004690432,0.003212785,0.004580494,0.005886681,0.003059462,0,0,0,0,0.000696467,0,0,0.00301852,0.004143532,0,0,0,0,0,0,0,0,0,0,0,0,0,0,0,0,0,0,0,0,0,0,0,0,0,0,0,0,0,0
f1b5d72cafaaea7b61c531cb90452d9c,0,0.000729699,0.001062229,0.001179767,0.000451712,0.000481734,0.000295508,0,0.000415159,0.000312207,0,0,0.000959358,0.000973994,0.001667659,0,0.000559876,0.001020278,0.000372797,0,0,0,0,0,0,0.000958589,0.00212589,0,0.000398792,0,0,0,0,0,0,0,0,0.000537996,0.002616015,0,0.000938086,0.000823791,0.000391018,0,0,0,0,0,0,0.001013043,0.001537831,0.000334485,0.001330195,0.001408801,0,0,0,0,0,0,0,0,0,0,0,0,0,0.000102234,0,0,0,0,0,0.000198316,0.000626245,0,0,0,0,0,0.000203703,0,0,3.79E-05
f3e9d78daeea42d345080748e31ae3dd,0.000749813,0,0,0,0,0,0,0,0,0,0,0,0,0,0,0,0,0,0,0,0,0,0,0,0,0,0,0,0,0,0,0,0,0,0,0,0.004048583,0.002891728,0.00500455,0.003108415,0.003061124,0.001070928,0.003239861,0,0.001283,0,0,0,0,0,0,0,0,0,0,0,0,0,0,0,0.00280289,0.001751484,0.002594654,0,0,0,0.001066305,0.001857248,0,0,0,0,0.00194591,0.000775236,0.001707942,0,0,0,0.005777961,0.003384566,0.002783939,0.00033505,0,0.000378709
f46fb27c910cdc08b14ef44ef5fe22ea,0,0,0,0,0,0,0,0,0,0,0,0,0,0,0,0,0,0,0,0,0,0,0,0,0,0,0,0,0,0,0,0,0,0,0,0,0,0,0,0,0.004048583,0,0.004412915,0.005150846,0.001727116,0,0,0,0,0.002026086,0,0,0.005371943,0,0,0,0,0,0,0,0,0,0.001331467,0,0,0,0,0,0,0,0,0,0,0,0,0,0,0,0.000898254,0,0.001290118,0,0,0
f5e65944985d39991cba3fab949a0150,0.003686578,0.002449703,0.006993007,0.003686772,0.007679104,0.00337214,0.037411348,0.000668375,0.008303185,0,0,0,0.009680795,0.011298334,0.00726623,0.002024607,0.000933126,0.000637674,0.000266283,0.011669368,0,0.000213129,0,0,0.002346434,0.014858129,0.006932249,0.002749552,0.00717826,0.002316602,0.026231101,0.005357769,0,0,0.002578485,0,0.008017782,0.004169469,0.001023658,0.002653525,0.004196702,0,0.014914535,0.094002943,0.104909943,0,0,0,0.01081001,0,0,0,0.000460452,0.000745836,0.001795025,0.017276631,0,0,0.001455849,0,0,0,0,0,0,0,0,0,0,0,0,0,0,0,0,0,0,0,0,0,0,0,0,0
f74772c312ecf2f0278c402953e04d93,0.00856036,0.007244866,0.00575374,0.005677629,0.011202457,0.019751104,0.003723404,0.006071071,0,0,0,0,0.014215943,0,0,0.009733686,0.022208398,0.012243336,0,0,0,0,0,0,0.014581413,0.024444018,0.010259728,0.030245069,0.02142084,0.007528958,0.003886089,0.002854139,0,0,0.002578485,0,0.008017782,0.013718897,0.016947225,0.004624716,0.002863632,0.024548974,0.004357055,0,0,0,0,0,0.033392566,0.053691275,0.013020299,0.011706991,0.003683618,0,0,0,0,0.002462821,0.002519738,0,0,0,0,0,0,0,0,0,0,0,0,0,0,0,0,0,0,0,0,0,0,0,0,0
f76f9398a707c47754f8308d099abd13,0,0,0,0,0,0,0,0,0,0,0,0,0,0,0,0,0,0,0,0,0,0,0,0,0,0,0,0,0,0,0,0,0,0,0,0,0,0,0,0,0,0,0,0,0,0,0,0,0,0,0,0,0,0,0,0,0,0,0,0,0.008290237,0.005278778,0.002150831,0,0,0,0,0,0,0,0,0,0.013390501,0.009302829,0.006177057,0,0,0,0.007137481,0.009237875,0,0,0,0
f80f737063601f7f957b2581f9d5524e,0,0,0,0,0,0,0,0,0,0,0,0,0,0.000973994,0,0,0,0,0,0,0,0,0,0,0,0,0,0,0,0,0,0,0,0,0,0,0,0,0,0,0,0,0,0,0,0,0,0,0,0,0,0,0,0,0,0,0,0,0,0,0,0.012187409,0.000307262,0,0,0,0,0,0,0,0,0,0.000329815,0.002505995,0.000683177,0,0,0,0.001238135,0.002309469,0.00117695,0,0,0
f9c752d5c510e07c457e029af2d6d31b,0,0,0,0,0,0,0,0,0,0,0,0,0,0.000973994,0.000357356,0,0,0,0,0,0,0,0,0,0.000419006,0,0,0,0,0,0,0,0,0,0,0,0.001746448,0,0,0,0,0,0,0,0,0,0,0,0.001776988,0.000379891,0.001127742,0,0.000511614,0.000580094,0,0,0,0,0,0,0.00221073,0.00031624,0.001433888,0,0,0,0.000581621,0.000272623,0.000624064,0,0,0,0.000725594,0.000685092,0.00059778,0,0,0,0.001845063,0.000796369,0.001063782,0.000711982,0,0.000302967
f9f8a1e38fcd6166305ee1a90187d5ed,0,0,0,0,0,0,0.002777778,0,0,0,0,0,0,0,0,0.000622956,0.003545879,0.008034689,0.003408425,0.009967585,0,0,0,0,0,0,0,0,0,0,0,0,0,0,0,0,0,0,0,0,0,0,0,0,0,0,0,0,0,0,0,0,0,0,0,0,0,0,0,0,0,0.001410918,0.000512103,0,0,0,0.001389427,0.005861405,0,0,0,0,0,0.001406242,0,0,0,0,0,0,0.001358019,0,0,0
fb3376cd5dd7b9f4c866e17253a3e5db,0,0,0,0.00339183,0.002800614,0,0.004018913,0.001448145,0.001008244,0,0,0,0,0.002921983,0,0.002258215,0.002861586,0.004591251,0.001704213,0.008265802,0,0,0,0,0,0,0.004436639,0,0.003703071,0.005694981,0.002610966,0.00135196,0,0,0,0,0,0.001143241,0.004208371,0.004548901,0.002271156,0.002141857,0.001843369,0.002299485,0.004342462,0,0,0,0,0.002912498,0,0.005797748,0.004758007,0.002486119,0,0.000817829,0,0,0,0,0.002605503,0.003381337,0.000887645,0,0,0,0.001033993,0.001737975,0,0,0,0,0.000659631,0.001532443,0,0,0,0,0,0,0.000837445,0,0,0
fcc84f75257e928f79853e39bb2c6d23,0,0,0,0,0,0,0,0,0,0,0,0,0.000523286,0,0,0,0,0,0,0,0,0,0,0,0,0.000287577,0,0,0,0,0,0,0,0,0,0,0,0,0,0,0,0,0,0,0,0,0,0,0,0,0,0,0,0,0,0,0,0,0,0,0,0,0.000238981,0,0,0,0.000840119,0.000562286,0.000915294,0,0,0,0.000494723,0.000342546,0.000910902,0,0,0,0.000267049,0.000238911,0.000226337,0,0,0
fe9a3e2c5c45bec637506a2ae1eb243c,0.02668083,0,0,0,0,0,0,0,0,0,0,0,0.037240537,0,0,0,0,0,0,0,0,0,0,0,0.037207743,0,0,0,0,0,0,0,0,0,0,0,0.029689609,0,0,0,0,0,0,0,0,0,0,0,0.008588775,0,0,0,0,0,0,0,0,0,0,0,0,0,0,0,0,0,0,0,0,0,0,0,0.043172823,0.034975751,0.059379448,0,0,0,0.000776869,0.022059409,0.0141913,0,0,0.000871031